temp_max_c,pressure_max_bar,agitation_rpm,conc_a_initial_pct,conc_b_initial_pct,cooling_flow_l_min,reaction_time_min,final_conversion_pct,cluster_true
80.91,2.37,262.75,31.21,35.77,88.76,82.16,98.95,0
76.88,2.94,293.88,35.09,29.86,100.82,72.73,92.91,0
82.25,2.54,303.29,38.09,32.86,101.73,83.35,96.22,0
82.82,2.58,373.35,28.36,37.32,83.47,78.93,93.63,0
74.15,2.97,258.68,36.04,34.16,89.66,75.13,95.16,0
76.09,2.39,344.16,38.57,33.46,90.72,73.79,93.73,0
80.38,2.22,304.5,34.54,39.2,82.11,101.37,96.12,0
79.05,2.37,312.34,36.65,31.86,89.55,77.89,95.27,0
79.95,2.64,303.55,32.89,32.61,90.04,68.34,94.1,0
77.44,2.03,313.34,34.64,35.63,99.12,74.41,92.9,0
82.64,2.69,295.39,30.14,36.17,99.66,79.59,95.54,0
82.33,2.34,343.62,27.97,36.49,87.37,84.37,92.57,0
80.2,2.84,286.31,37.83,37.73,88.29,84.44,95.85,0
83.38,1.78,333.97,32.05,35.6,95.31,85.41,100.0,0
81.4,2.26,280.67,33.63,36.47,85.32,74.84,97.7,0
77.42,1.99,298.19,30.84,34.22,94.71,82.72,96.44,0
81.11,2.25,267.84,30.77,35.19,89.3,72.99,94.83,0
77.12,2.57,313.65,34.48,35.32,82.24,75.04,91.12,0
82.64,2.45,343.35,32.81,35.65,82.35,72.66,92.36,0
79.85,2.42,297.68,36.13,37.32,101.58,70.49,97.57,0
79.45,2.45,294.09,36.36,36.67,88.75,88.51,93.42,0
77.96,2.56,266.56,35.96,35.13,103.12,85.51,93.6,0
83.67,2.2,293.12,35.72,32.57,85.89,87.81,94.67,0
79.54,2.71,252.22,39.73,35.2,92.33,80.31,92.88,0
78.72,2.7,272.61,31.8,34.92,109.14,86.21,92.55,0
78.94,2.62,306.8,34.84,35.58,81.54,65.91,94.9,0
81.6,2.67,339.57,38.4,41.62,74.82,86.9,93.22,0
81.1,2.59,384.28,38.79,33.43,100.29,81.42,93.52,0
81.24,3.11,282.4,30.73,36.27,83.39,85.02,93.44,0
81.29,2.47,343.06,34.06,38.21,89.83,83.04,96.04,0
86.42,2.41,307.31,39.07,35.29,85.31,72.1,94.54,0
78.78,2.27,295.46,36.52,42.01,92.15,68.02,94.64,0
78.46,2.19,312.98,35.59,33.87,82.4,74.3,96.19,0
77.56,2.13,301.86,34.35,35.97,88.56,84.52,94.72,0
81.85,2.23,303.31,33.85,32.6,93.6,85.52,94.44,0
83.39,2.48,287.75,35.86,33.95,81.93,69.06,95.94,0
79.66,2.6,258.06,34.24,35.75,84.4,72.15,96.34,0
77.48,2.52,253.69,34.87,37.54,87.22,74.21,94.71,0
77.53,2.27,319.6,35.24,35.96,78.57,77.14,95.16,0
81.95,2.77,291.7,32.97,38.78,86.62,69.1,93.44,0
82.23,2.72,282.12,36.6,34.72,90.95,68.62,93.28,0
81.63,2.45,300.26,43.74,34.0,86.8,73.43,96.54,0
78.0,2.3,323.85,29.67,43.11,87.83,80.69,95.89,0
80.7,2.66,305.41,35.97,36.18,89.84,70.56,95.91,0
80.35,2.56,280.32,32.72,32.84,84.75,79.07,95.56,0
80.66,2.07,336.79,36.73,32.92,95.53,88.47,95.09,0
82.61,2.48,347.38,35.14,32.17,101.49,69.59,96.39,0
80.67,2.58,314.84,37.29,37.81,86.28,78.35,96.87,0
82.04,2.23,329.21,38.53,33.91,93.88,88.2,96.82,0
80.2,2.56,337.26,35.58,35.38,88.08,76.65,94.8,0
80.87,2.06,333.9,38.4,34.81,92.92,75.41,97.77,0
81.89,2.9,318.42,27.97,37.19,102.53,89.31,95.46,0
75.63,2.87,317.95,39.77,32.46,94.07,77.55,96.26,0
79.04,2.42,315.59,36.13,31.77,75.81,88.84,95.56,0
78.59,2.61,267.08,38.23,35.67,93.63,83.43,95.49,0
78.08,1.78,321.02,31.34,36.8,99.86,77.26,93.53,0
79.17,2.15,259.33,32.51,36.0,88.23,83.84,96.4,0
84.48,2.41,276.16,35.44,32.57,97.97,82.56,100.0,0
77.4,2.18,339.11,34.95,37.03,84.48,88.17,94.25,0
82.9,2.71,325.21,35.85,32.77,78.12,75.61,95.14,0
74.95,3.1,344.62,38.25,33.44,91.13,80.33,94.11,0
79.0,2.15,291.85,29.7,32.17,75.95,79.51,94.02,0
80.49,2.25,265.43,37.92,38.9,88.08,85.63,98.09,0
81.76,2.57,292.79,35.02,36.9,100.29,71.8,93.65,0
82.13,2.98,303.06,34.39,36.81,74.72,88.14,94.05,0
82.38,2.13,302.37,30.59,38.74,79.76,83.73,91.83,0
78.95,2.57,334.01,36.51,43.44,81.74,69.46,93.48,0
78.61,3.05,289.16,27.76,29.87,89.49,89.67,91.58,0
82.57,2.0,310.56,36.95,32.78,87.07,97.87,96.26,0
79.43,2.12,270.34,30.52,33.15,101.19,88.01,100.0,0
76.17,2.37,313.51,35.16,32.45,97.63,91.42,94.27,0
76.6,2.34,300.09,34.64,31.77,93.96,80.68,91.67,0
77.24,2.74,277.51,38.51,34.1,91.17,66.71,96.8,0
81.49,2.57,292.93,34.46,31.35,93.15,65.25,93.55,0
80.43,1.97,294.47,32.92,36.01,83.1,82.04,97.6,0
82.07,2.65,291.9,33.48,35.16,96.86,75.26,94.44,0
78.72,2.33,353.14,38.82,36.44,81.1,72.68,93.74,0
80.48,2.88,297.05,36.61,36.52,96.68,79.5,94.64,0
81.88,2.31,292.68,33.84,36.81,99.49,84.92,96.52,0
79.07,2.31,237.08,34.29,33.88,91.69,68.38,94.55,0
81.37,2.66,273.17,30.3,41.36,88.59,76.41,94.01,0
78.01,2.73,292.11,36.17,35.7,93.2,92.08,94.6,0
78.91,2.63,279.42,29.72,29.41,67.11,71.4,92.46,0
78.85,1.99,341.45,37.26,31.99,92.42,86.96,95.79,0
76.41,2.66,295.05,35.39,29.78,89.09,76.12,91.43,0
81.46,2.19,338.65,42.16,35.05,89.59,84.37,94.11,0
78.59,2.57,301.85,31.7,34.63,95.65,88.78,96.52,0
80.04,2.07,301.12,34.69,33.59,89.4,85.93,95.61,0
81.44,2.63,297.34,40.39,41.03,80.88,87.27,96.18,0
81.34,2.26,300.11,38.57,36.65,88.87,70.79,94.87,0
82.0,2.12,351.56,32.91,37.18,90.54,88.91,97.34,0
79.7,2.71,230.41,35.67,32.21,90.92,73.18,96.85,0
78.73,2.57,239.95,35.01,32.0,91.3,82.08,95.89,0
79.76,2.32,283.7,35.85,35.11,98.31,82.07,96.86,0
74.94,2.94,300.44,32.9,35.52,81.31,83.88,96.5,0
75.66,2.37,320.7,34.73,29.43,91.41,82.7,94.12,0
76.03,2.51,314.19,30.21,34.46,100.32,73.25,92.31,0
77.01,2.58,288.47,35.41,35.04,76.12,69.2,95.84,0
81.2,2.31,330.57,36.35,34.35,91.44,86.98,96.09,0
77.28,2.64,330.91,34.32,32.56,85.32,81.49,97.18,0
78.87,2.34,305.52,30.15,33.38,87.03,89.2,93.13,0
83.9,2.38,328.88,37.97,34.47,82.76,79.64,93.19,0
78.93,2.91,308.18,36.09,35.27,88.64,68.76,95.92,0
82.21,2.19,283.16,32.82,36.81,104.73,87.73,94.86,0
77.2,1.78,320.93,34.16,38.24,79.88,77.04,91.23,0
79.38,2.98,303.32,30.5,34.12,80.64,82.74,95.75,0
77.15,3.26,300.04,31.92,33.63,79.58,74.82,91.3,0
78.98,2.38,344.19,33.39,36.31,103.82,93.15,93.11,0
82.52,1.92,226.47,38.69,36.83,86.3,72.99,97.7,0
74.82,2.41,257.47,33.08,33.7,89.79,77.3,98.65,0
81.3,2.41,264.39,36.92,37.37,86.78,80.86,92.57,0
80.71,2.44,289.1,33.39,37.94,82.44,71.26,94.34,0
78.22,2.17,292.36,35.74,38.88,88.12,82.64,95.09,0
75.66,2.67,254.78,34.58,40.33,109.67,92.9,98.56,0
80.22,2.66,270.45,37.62,32.4,101.14,76.08,94.01,0
78.41,2.05,274.17,33.4,35.04,83.18,83.16,94.05,0
80.7,2.71,373.72,30.28,35.03,95.18,58.0,98.1,0
80.07,3.12,354.05,30.85,34.71,83.35,79.69,94.25,0
84.81,2.55,287.65,33.4,33.05,75.79,77.5,96.44,0
79.28,2.4,289.09,31.25,30.54,98.16,73.45,92.05,0
76.93,2.46,265.52,36.23,35.28,99.28,88.65,94.66,0
80.54,2.68,242.76,33.6,32.69,98.37,77.39,91.68,0
80.66,1.98,296.49,42.12,35.26,86.24,78.58,92.89,0
84.08,2.55,270.06,29.79,32.62,88.67,76.98,96.68,0
82.51,2.38,297.45,35.61,31.7,96.0,64.67,94.9,0
81.07,3.05,251.99,31.62,35.7,93.13,70.94,94.36,0
84.39,2.45,277.14,33.52,35.45,86.85,87.69,93.5,0
76.43,3.0,304.46,35.42,36.74,77.05,63.12,94.56,0
78.08,2.17,310.99,28.02,41.56,90.91,73.87,95.6,0
77.22,2.68,312.52,35.71,35.83,98.63,76.8,96.97,0
78.83,2.6,260.39,40.71,36.46,80.42,93.95,89.75,0
75.87,2.24,325.64,33.64,31.77,95.11,86.15,93.34,0
81.91,2.55,275.99,35.78,31.14,92.65,75.54,95.32,0
79.33,2.86,318.99,38.07,39.75,96.0,90.44,94.8,0
75.59,2.4,299.68,34.51,32.23,96.98,74.08,95.81,0
76.95,1.99,258.71,33.26,31.87,84.44,88.07,95.54,0
80.94,2.49,290.51,28.17,34.88,77.06,69.13,94.39,0
82.51,2.23,310.96,36.92,34.73,85.73,88.59,93.95,0
85.99,2.4,318.39,34.66,32.29,97.11,76.75,94.51,0
88.74,2.48,295.77,31.96,34.09,85.66,71.77,97.3,0
81.24,1.99,345.95,35.38,38.69,84.45,78.26,93.54,0
77.03,2.02,330.23,33.25,32.58,75.43,82.22,94.87,0
73.6,2.64,292.3,33.41,30.82,104.02,76.04,95.37,0
80.8,2.34,322.5,36.82,37.83,96.61,84.43,98.12,0
77.56,1.73,358.01,30.98,36.48,96.16,75.34,94.4,0
78.75,2.74,358.81,38.14,33.14,97.74,84.96,96.92,0
78.16,2.58,263.16,30.81,30.25,94.61,83.54,97.46,0
79.58,2.29,272.2,33.01,32.77,88.05,79.51,94.87,0
83.2,2.1,344.55,40.77,34.84,88.69,76.47,94.58,0
80.47,2.75,268.25,38.38,38.5,86.58,81.21,94.34,0
79.52,2.6,260.32,35.29,31.89,111.08,84.4,94.49,0
76.89,3.21,285.41,32.18,34.75,94.45,96.49,96.71,0
74.98,2.63,312.61,33.41,37.03,86.29,87.52,95.46,0
78.54,2.62,296.93,35.22,27.86,93.72,87.81,95.47,0
79.84,2.45,280.48,35.11,38.1,81.91,104.71,92.75,0
85.3,2.75,279.77,34.73,31.45,102.04,84.13,93.07,0
80.39,2.69,278.63,34.91,36.0,84.71,83.88,99.29,0
82.95,2.88,273.61,34.36,35.74,94.01,85.63,94.64,0
78.5,2.34,368.45,30.67,38.25,98.53,71.93,93.45,0
76.45,2.37,308.93,33.45,36.65,93.08,76.45,97.86,0
77.1,2.36,326.6,37.74,27.87,90.76,75.95,95.56,0
77.82,2.74,285.33,30.89,32.65,90.09,85.18,96.16,0
86.39,2.95,294.42,34.43,35.41,89.55,78.61,94.72,0
77.54,2.36,278.59,32.54,34.42,85.39,81.11,94.36,0
82.52,2.37,220.45,35.33,36.43,86.4,88.7,94.66,0
77.29,2.59,258.66,33.83,37.37,101.84,86.91,92.23,0
82.79,2.43,245.68,39.43,36.83,89.13,78.71,94.82,0
81.15,2.79,232.51,36.52,34.36,83.71,74.64,95.59,0
79.53,1.82,264.14,31.06,29.46,85.87,89.08,98.7,0
79.88,2.25,339.75,37.01,33.63,98.8,86.19,95.17,0
78.04,2.27,298.67,32.68,36.25,95.4,67.15,90.33,0
81.34,1.8,338.72,33.27,31.73,94.48,77.49,94.81,0
78.64,2.21,312.33,35.94,36.89,87.94,81.32,100.0,0
76.32,2.23,323.48,33.52,37.73,94.59,86.23,96.73,0
76.17,2.44,272.97,37.68,35.38,84.85,87.28,93.38,0
80.52,2.83,315.72,32.68,25.81,87.92,82.27,96.18,0
84.74,2.43,321.86,33.14,31.17,97.76,84.68,93.52,0
80.48,2.19,282.7,33.03,40.66,96.99,80.51,92.29,0
79.64,2.48,316.79,33.3,33.36,82.14,74.61,94.3,0
80.86,2.81,316.99,38.3,29.05,83.16,77.91,95.18,0
83.92,2.21,283.51,36.89,38.71,90.87,80.15,91.26,0
80.66,2.23,266.32,40.13,35.04,103.81,79.72,92.7,0
78.77,2.67,264.48,41.8,38.31,74.68,64.92,95.02,0
83.32,2.43,302.6,31.91,35.83,92.23,76.82,94.18,0
81.29,2.69,309.81,35.21,36.38,78.99,80.45,95.79,0
84.61,2.5,276.22,31.47,36.09,84.93,77.75,92.57,0
80.55,2.71,300.8,32.67,37.09,87.08,78.03,96.43,0
76.33,2.19,317.12,33.11,41.83,86.64,83.9,92.63,0
75.9,2.5,318.55,31.83,37.91,85.73,71.37,98.29,0
84.95,2.44,346.56,31.84,30.26,90.06,66.98,91.57,0
85.17,2.14,338.31,34.57,36.34,85.72,77.21,92.81,0
79.46,2.03,269.96,31.35,38.42,78.3,86.11,95.83,0
78.85,2.71,350.51,37.53,38.61,96.24,93.5,98.33,0
84.38,2.39,284.07,32.25,33.72,96.02,86.26,95.63,0
76.68,2.19,331.35,43.43,38.49,96.75,68.25,96.13,0
77.32,2.47,302.04,33.65,37.78,77.67,78.14,95.04,0
81.93,2.84,287.64,35.22,42.72,92.39,82.05,92.95,0
78.82,1.82,245.77,31.11,32.75,95.41,81.42,94.02,0
79.98,2.05,294.85,40.12,33.48,81.75,84.31,92.58,0
79.51,2.22,253.22,38.36,34.08,90.07,72.66,92.44,0
81.01,2.94,329.02,35.89,33.53,89.07,80.52,95.8,0
84.22,2.58,345.5,30.96,32.33,104.74,83.36,92.75,0
80.27,2.73,276.09,35.63,26.71,105.4,86.61,95.64,0
81.93,2.16,309.06,31.64,33.7,76.69,73.55,92.4,0
73.85,2.16,278.24,39.39,36.11,109.95,77.24,95.59,0
79.85,2.63,281.15,37.43,33.52,82.68,58.37,94.02,0
77.47,2.52,323.23,35.29,40.81,97.85,75.03,97.81,0
76.34,2.66,298.84,27.69,35.04,97.76,75.8,95.65,0
77.37,2.44,352.19,32.05,38.87,82.03,71.84,97.47,0
79.0,2.58,285.53,37.06,35.78,93.95,81.32,93.49,0
82.75,2.55,329.98,38.64,37.48,89.14,79.55,95.11,0
76.02,2.73,302.92,38.33,35.84,94.43,61.93,93.04,0
80.09,2.74,323.87,30.22,39.11,91.85,81.72,94.17,0
78.55,2.01,286.59,35.9,35.17,99.57,72.57,94.48,0
79.02,1.83,298.51,38.05,36.49,90.6,83.89,93.55,0
83.01,2.8,296.54,30.02,36.1,88.66,69.75,92.57,0
81.61,2.86,274.92,34.98,34.14,98.77,80.24,92.17,0
84.01,2.19,319.86,35.82,36.21,94.64,77.73,90.32,0
79.54,1.94,319.51,34.1,41.7,95.85,82.42,92.89,0
77.91,2.53,317.81,29.44,34.19,84.68,81.0,96.25,0
79.33,2.78,346.11,34.02,36.26,81.64,77.96,91.8,0
80.73,3.04,343.48,34.02,38.77,85.46,67.71,92.26,0
80.53,2.65,288.75,34.56,38.42,85.03,68.18,98.58,0
76.75,2.39,311.19,33.31,35.04,96.29,75.33,93.73,0
80.27,2.23,281.29,33.67,27.85,97.81,79.93,95.64,0
80.68,2.5,300.7,34.88,36.55,88.76,75.13,96.28,0
87.55,2.41,282.01,36.33,28.34,101.45,85.0,96.33,0
85.63,2.2,348.6,34.09,39.41,100.95,77.77,91.96,0
77.44,3.11,310.91,33.77,35.51,91.95,72.28,94.54,0
79.14,3.04,293.46,35.28,38.0,83.42,77.78,91.76,0
75.61,2.84,335.81,29.24,32.29,102.6,81.81,99.89,0
78.23,2.22,234.88,36.43,30.34,89.51,82.6,91.81,0
80.95,2.76,239.58,35.0,35.78,91.01,95.03,92.9,0
83.62,2.69,323.88,35.12,34.9,87.28,74.65,92.92,0
77.81,2.63,301.81,37.88,33.53,82.88,79.41,92.01,0
78.04,2.87,307.51,29.14,35.25,78.25,83.41,97.71,0
73.56,2.69,260.21,29.08,43.3,95.06,79.81,99.84,0
79.51,2.72,299.3,35.82,37.5,83.73,76.0,94.05,0
76.81,2.69,360.11,34.98,38.15,114.48,67.61,92.36,0
78.41,2.6,324.73,35.51,37.53,81.31,75.91,90.53,0
77.37,1.96,305.09,33.61,39.44,79.94,71.41,94.51,0
79.72,2.53,286.83,36.99,34.43,94.08,66.19,94.37,0
74.73,2.33,288.16,37.8,28.84,102.23,73.63,93.7,0
75.6,2.12,236.12,36.45,34.43,90.52,71.62,95.44,0
86.39,3.0,307.73,34.22,37.44,94.58,84.67,95.79,0
76.14,3.02,325.36,28.68,32.09,75.25,84.81,95.65,0
76.71,2.91,252.73,37.31,34.47,84.58,72.77,94.37,0
85.51,2.58,280.16,38.67,32.92,81.41,77.92,92.8,0
88.72,2.91,265.28,36.93,39.51,74.84,65.13,96.33,0
76.49,2.5,271.04,32.36,37.25,90.94,76.05,95.03,0
78.9,2.56,301.6,37.02,36.95,72.06,83.19,96.78,0
81.02,2.17,237.47,37.58,36.86,79.42,86.6,96.58,0
85.19,2.62,318.43,39.68,34.89,85.7,74.3,92.16,0
77.04,2.52,322.62,32.37,35.59,83.35,88.41,92.13,0
79.26,2.11,292.47,34.32,31.44,93.17,67.87,93.49,0
82.33,2.48,225.58,37.24,28.44,92.44,70.02,92.89,0
81.3,2.48,270.11,35.17,35.45,97.15,85.68,96.51,0
78.87,3.04,336.99,31.65,35.97,96.02,93.37,95.7,0
79.6,2.77,216.66,36.24,38.63,99.13,83.95,97.2,0
75.88,2.5,289.57,36.74,39.71,89.98,79.68,95.79,0
79.29,2.57,264.6,35.26,39.71,92.43,62.44,95.42,0
79.2,2.51,324.14,35.66,32.01,94.09,63.82,97.4,0
80.7,2.44,279.75,34.22,33.94,91.13,81.04,95.94,0
78.33,2.18,312.12,39.43,36.44,86.82,77.14,95.14,0
81.41,2.45,316.96,32.3,42.6,87.34,71.15,97.96,0
83.04,2.28,355.09,33.24,39.44,83.46,80.52,95.23,0
80.47,2.12,293.91,35.03,38.36,93.37,80.92,94.39,0
81.06,2.65,311.28,37.64,33.84,89.25,87.56,93.32,0
80.16,2.62,255.45,30.51,32.35,84.69,81.09,96.41,0
80.0,1.96,335.71,31.07,37.37,84.7,89.83,97.47,0
77.84,2.46,277.18,28.89,31.7,80.32,80.06,94.9,0
80.95,2.8,283.18,35.1,34.28,97.83,79.08,97.62,0
79.71,2.82,299.33,31.65,34.66,90.63,88.51,91.06,0
86.28,2.81,253.11,33.85,39.78,83.1,72.17,94.89,0
84.72,2.51,306.86,36.98,33.94,96.47,102.52,94.92,0
81.16,2.25,329.02,33.08,27.68,85.52,83.0,93.55,0
77.71,2.17,308.79,35.69,36.51,78.75,83.05,99.77,0
76.66,2.6,252.33,34.1,32.9,98.17,84.2,94.87,0
83.57,2.61,296.29,37.02,35.13,85.7,95.02,94.18,0
80.79,2.89,322.26,36.43,34.74,86.73,86.34,95.05,0
81.44,2.83,243.66,32.92,34.18,90.33,67.16,90.99,0
74.77,2.46,267.76,34.49,37.37,99.14,91.23,93.48,0
82.78,2.13,326.3,38.13,30.4,90.16,77.27,96.97,0
81.36,2.4,308.1,36.18,33.45,80.41,80.86,93.74,0
76.67,2.57,312.36,30.81,37.05,94.35,69.77,93.34,0
78.59,2.44,355.78,36.97,33.16,86.12,84.21,97.62,0
80.79,2.33,314.06,31.75,30.17,105.1,74.79,97.68,0
80.16,2.58,319.74,39.24,37.01,89.99,80.8,96.03,0
79.12,2.35,381.32,38.07,38.37,72.12,77.73,94.09,0
79.69,2.31,293.59,35.87,34.87,92.86,95.4,94.52,0
79.24,2.59,276.06,35.47,29.12,105.56,95.86,93.39,0
80.46,2.38,312.83,34.37,37.12,102.61,80.37,93.01,0
84.41,2.57,313.17,37.04,30.02,104.65,80.51,92.91,0
72.3,2.58,284.2,33.89,35.93,81.84,77.01,93.76,0
79.29,2.16,269.03,35.71,32.34,97.3,88.85,92.93,0
80.53,2.36,369.3,37.62,31.52,84.22,77.37,91.87,0
80.89,2.93,309.81,33.31,33.67,91.79,76.63,95.44,0
78.88,2.15,278.03,33.15,34.45,79.82,87.83,95.47,0
74.73,1.87,327.48,31.42,33.07,84.84,75.69,98.4,0
80.98,1.94,296.73,31.81,36.77,84.59,79.7,93.66,0
85.18,2.51,292.41,29.51,33.66,97.19,67.35,95.59,0
75.4,2.51,316.87,37.19,37.94,96.41,85.63,95.63,0
82.59,2.46,261.24,40.43,35.84,92.21,95.53,94.49,0
79.01,2.86,310.58,39.28,32.91,79.2,85.77,96.49,0
79.82,1.7,357.39,30.12,32.4,87.51,91.69,96.55,0
76.84,2.62,313.99,37.17,30.06,84.03,73.23,95.65,0
79.0,2.97,288.71,39.27,35.87,96.96,81.89,94.49,0
83.9,2.16,284.79,33.63,33.94,99.43,72.45,94.28,0
81.75,2.39,287.69,35.3,27.88,98.45,78.18,92.26,0
85.2,2.27,292.38,28.98,33.39,83.96,86.18,93.39,0
83.53,2.23,288.67,35.8,32.3,68.08,80.81,93.76,0
81.32,2.4,327.49,31.81,39.73,75.86,68.7,92.75,0
85.23,2.93,248.0,35.6,29.89,101.37,69.48,95.88,0
81.32,3.05,325.86,30.32,30.68,86.79,68.95,97.39,0
82.48,2.4,288.61,36.63,38.33,83.99,83.93,93.18,0
79.11,3.07,311.31,38.07,39.07,103.14,96.51,95.57,0
80.2,2.51,266.19,32.65,32.77,100.12,90.9,92.93,0
77.91,3.03,339.86,31.59,33.1,90.2,64.83,94.39,0
82.97,2.47,337.37,28.53,36.85,87.65,91.37,93.62,0
76.47,2.54,328.79,34.2,28.02,88.94,87.49,96.2,0
82.35,2.61,254.56,33.26,29.42,91.82,67.64,93.64,0
79.43,3.45,324.87,30.35,34.16,102.8,77.57,97.02,0
83.51,2.76,312.15,36.36,39.65,93.38,88.76,94.51,0
82.25,2.29,251.84,33.65,33.69,95.81,84.4,93.7,0
85.46,2.79,299.27,31.77,35.3,99.35,69.53,92.49,0
82.19,2.39,310.94,33.34,38.4,80.64,84.89,95.51,0
75.28,2.35,316.68,38.21,41.32,96.04,62.9,96.79,0
79.8,2.77,305.32,36.81,33.27,87.64,78.22,95.55,0
76.48,2.51,308.74,34.61,34.95,69.87,89.1,99.48,0
78.45,2.58,344.21,36.86,40.47,72.97,80.15,97.86,0
84.53,2.5,336.78,31.52,30.43,81.86,76.01,94.38,0
81.91,2.6,213.99,35.1,38.08,94.25,87.11,94.36,0
77.9,2.63,290.48,35.44,31.95,90.91,87.8,95.94,0
76.96,1.92,295.06,33.59,35.31,91.47,90.48,93.32,0
80.1,2.7,247.44,36.31,34.27,105.61,86.99,97.33,0
76.35,2.21,302.83,32.66,32.13,79.85,88.65,95.72,0
77.99,2.07,337.46,36.53,32.05,89.78,85.86,95.51,0
80.94,2.48,267.4,36.66,35.83,92.44,82.12,96.37,0
83.47,2.53,310.09,26.25,37.99,84.11,80.72,98.45,0
81.83,2.29,272.53,38.57,34.61,90.23,78.1,95.34,0
73.13,2.75,279.84,25.86,35.21,77.2,70.3,94.77,0
80.91,2.1,344.32,33.15,36.71,101.28,72.36,98.02,0
80.22,2.38,283.72,38.08,32.09,84.55,77.74,96.94,0
81.24,2.32,313.87,34.05,37.22,106.25,81.93,94.36,0
84.85,2.49,243.86,30.6,37.46,89.74,91.53,95.01,0
73.81,2.58,355.87,31.72,42.81,98.22,79.67,95.39,0
78.23,2.2,318.08,38.08,33.87,89.57,88.03,95.72,0
81.77,2.72,294.53,29.24,33.63,89.75,88.63,92.29,0
75.26,2.52,317.27,38.39,37.31,85.33,78.15,91.92,0
84.43,1.93,257.71,34.83,37.46,90.95,84.76,93.23,0
81.11,1.91,335.48,31.42,33.39,92.54,78.05,93.07,0
82.54,2.5,290.28,33.25,33.79,83.73,90.58,93.71,0
78.29,2.43,293.88,31.95,36.62,89.0,85.09,96.27,0
82.44,2.47,285.25,37.6,32.52,85.12,70.48,94.66,0
83.21,2.49,282.58,37.2,33.77,108.4,81.29,95.39,0
80.7,2.57,320.84,29.84,35.27,89.28,93.18,92.55,0
80.7,2.78,307.68,33.79,37.99,102.36,78.55,94.08,0
80.81,2.17,319.55,32.41,33.19,88.44,83.58,96.17,0
77.41,2.15,299.74,38.88,29.47,92.07,84.37,96.19,0
79.56,2.17,315.4,30.95,29.25,79.43,71.71,93.55,0
79.54,2.59,287.43,39.81,31.22,86.42,84.09,95.32,0
81.15,2.87,366.89,34.9,31.06,91.68,68.85,99.4,0
83.0,2.37,252.96,31.51,34.54,102.69,75.0,94.96,0
76.82,1.75,337.83,32.97,31.43,91.78,88.61,93.61,0
79.62,1.99,341.04,32.6,32.89,101.07,82.85,94.65,0
84.44,2.25,274.44,31.18,32.68,95.13,77.56,95.18,0
77.77,2.33,366.88,35.28,33.68,103.02,83.57,94.7,0
77.53,2.38,329.86,31.32,38.97,89.53,79.52,94.94,0
80.61,2.51,329.13,28.46,36.99,109.12,80.1,92.11,0
82.53,2.41,300.84,33.86,35.05,86.12,85.25,93.07,0
80.03,2.81,293.48,29.59,33.62,83.87,74.18,94.7,0
83.99,2.3,293.72,32.74,33.7,80.32,80.32,94.67,0
82.57,2.24,311.72,32.27,35.98,108.65,77.5,93.87,0
82.53,2.64,342.04,32.39,36.75,96.56,67.32,94.65,0
81.66,2.04,305.44,41.0,32.28,87.33,72.64,95.12,0
86.98,2.62,272.66,35.17,35.11,99.99,92.55,96.78,0
79.38,2.53,324.73,35.74,28.91,95.5,83.08,94.8,0
73.99,2.46,327.63,29.67,35.64,105.73,69.41,95.8,0
84.81,2.98,319.64,33.04,37.29,77.62,67.68,93.92,0
78.63,2.31,322.36,35.65,34.16,87.88,79.1,96.14,0
80.32,3.12,291.87,31.93,40.45,86.3,92.49,95.75,0
83.93,2.43,272.13,37.72,32.36,74.21,78.51,96.73,0
75.19,2.12,273.95,31.39,35.65,98.48,90.46,96.43,0
76.25,2.52,250.94,34.14,34.89,87.84,82.82,96.18,0
75.2,2.18,307.11,33.24,34.7,95.92,83.77,94.8,0
77.62,2.27,297.5,35.49,34.66,108.88,69.31,95.49,0
81.32,2.62,286.8,33.08,35.32,87.17,87.5,97.13,0
81.57,2.67,211.33,34.19,37.54,86.63,77.32,93.7,0
80.83,2.31,262.58,34.29,39.13,90.95,86.9,93.74,0
75.76,2.8,333.63,32.8,34.99,97.9,73.49,95.36,0
73.07,2.85,280.06,36.46,37.45,85.47,81.42,95.83,0
80.16,2.93,310.82,35.72,32.89,84.95,82.82,93.35,0
78.58,2.66,258.28,34.73,37.3,98.46,78.77,94.85,0
81.38,2.91,343.16,33.71,32.71,93.03,83.24,94.81,0
82.11,1.94,295.68,37.39,38.27,73.64,77.87,90.57,0
80.41,2.4,308.7,34.29,41.63,80.2,74.81,94.56,0
82.28,2.24,369.77,34.08,34.63,102.01,92.84,94.69,0
80.69,2.54,345.49,35.31,28.42,93.22,88.39,94.68,0
81.59,2.33,290.8,40.09,33.36,83.9,73.91,97.83,0
77.89,2.45,282.2,30.98,38.7,88.64,84.55,92.57,0
79.46,3.06,290.23,37.31,36.66,90.11,74.06,93.35,0
80.59,2.45,315.3,29.32,35.75,95.89,70.52,89.78,0
82.46,2.62,296.84,35.65,38.03,79.13,88.27,94.04,0
78.82,2.43,288.14,39.73,36.45,83.27,66.37,94.21,0
81.56,2.52,344.02,36.47,38.65,92.18,87.41,93.98,0
79.2,2.5,296.57,35.51,37.76,89.2,77.98,97.22,0
79.65,2.63,368.99,33.32,39.57,94.57,78.31,96.72,0
82.49,2.85,302.72,35.09,36.08,80.16,83.28,95.16,0
74.02,2.99,353.56,34.24,37.72,92.86,84.65,94.26,0
76.11,2.59,310.72,32.64,34.08,98.73,73.39,97.05,0
75.55,2.68,328.89,34.13,33.2,93.89,85.74,94.96,0
73.0,2.15,278.26,35.6,40.12,91.11,80.91,93.36,0
77.97,2.47,274.39,32.7,35.65,89.23,69.95,91.57,0
82.25,2.78,313.79,32.58,37.41,83.32,78.64,94.12,0
79.15,2.76,329.66,30.92,35.37,89.42,91.05,96.51,0
80.59,2.56,301.21,36.17,33.24,100.08,93.41,99.55,0
83.27,2.77,261.41,36.64,35.03,89.05,85.74,95.12,0
83.98,2.65,259.19,35.69,39.31,82.88,70.48,93.47,0
79.79,2.86,257.19,37.9,36.67,86.06,83.92,92.63,0
84.06,2.59,246.97,35.26,29.87,91.61,86.81,96.1,0
80.28,2.39,303.28,36.18,34.35,87.01,85.81,91.47,0
77.49,2.6,333.75,35.91,40.35,93.88,86.28,96.1,0
78.22,1.62,299.6,34.73,34.36,94.18,82.91,96.64,0
75.56,2.61,232.19,33.41,29.6,97.11,79.42,95.87,0
77.34,1.41,294.28,41.64,40.68,101.39,75.13,94.56,0
78.93,1.98,295.12,33.64,37.05,97.97,64.82,96.13,0
82.41,2.64,362.88,33.0,34.79,82.53,82.72,95.34,0
85.16,2.64,256.29,36.3,33.89,82.77,81.49,93.44,0
75.85,2.15,288.28,35.76,38.25,89.39,84.46,98.7,0
81.18,2.29,351.18,30.79,33.37,86.39,69.3,94.3,0
76.88,2.91,313.5,38.37,38.44,80.89,85.16,96.55,0
81.42,2.35,316.9,34.72,36.63,86.47,96.44,90.16,0
79.61,3.17,303.44,31.67,35.73,86.2,80.63,97.55,0
74.51,2.5,309.9,38.57,35.44,84.63,79.51,97.94,0
82.78,2.62,323.33,36.88,34.48,87.47,82.47,95.06,0
78.18,2.99,275.72,31.21,38.14,99.43,96.26,96.12,0
78.4,2.54,326.34,40.33,32.4,91.59,71.81,96.12,0
76.79,2.2,258.81,36.98,30.13,109.77,81.63,93.71,0
78.04,2.47,309.85,34.97,36.84,91.36,73.6,96.09,0
81.28,2.49,305.36,39.77,36.89,87.68,75.62,93.38,0
79.43,2.09,281.51,35.48,36.44,90.03,79.6,93.78,0
80.99,2.42,299.32,34.92,36.22,92.05,90.78,97.25,0
81.09,2.28,281.32,33.02,34.04,93.48,94.41,96.95,0
83.96,2.78,267.85,36.75,37.36,106.61,83.59,93.59,0
78.97,2.51,289.39,36.43,34.86,83.24,76.99,93.53,0
75.57,2.42,266.88,35.04,33.54,96.87,99.94,93.71,0
83.2,2.47,309.68,32.63,34.06,91.66,76.58,96.47,0
79.01,2.57,265.5,35.39,41.06,77.43,75.43,93.0,0
83.34,2.69,321.36,34.79,29.8,96.17,65.8,95.71,0
81.15,2.2,264.56,31.0,36.5,100.14,91.17,96.49,0
79.61,2.19,283.01,30.58,29.96,83.14,87.75,94.82,0
81.05,2.83,281.26,36.7,34.68,89.93,99.34,97.02,0
85.85,2.38,339.75,27.19,33.7,76.2,68.88,94.39,0
86.23,2.07,309.91,35.62,28.74,79.93,91.67,94.57,0
80.21,2.63,293.65,33.57,36.17,98.38,80.56,93.05,0
80.48,2.64,314.96,38.92,33.86,86.27,86.45,97.03,0
83.23,2.04,236.78,33.52,28.7,81.13,66.82,93.47,0
77.46,2.57,298.71,36.98,37.52,91.84,91.74,95.7,0
81.0,2.72,359.93,33.81,39.31,85.82,86.29,94.86,0
79.92,2.61,303.97,35.34,39.47,86.23,79.69,92.89,0
80.94,2.69,302.04,37.21,36.08,95.91,85.16,93.78,0
77.5,2.08,316.44,33.61,35.14,80.71,73.88,97.77,0
75.23,2.6,326.87,37.99,38.98,82.76,75.36,95.4,0
73.78,2.41,240.08,32.02,40.05,91.23,76.29,92.98,0
76.65,2.36,249.53,35.88,38.4,97.76,65.18,95.61,0
78.62,2.76,306.31,37.77,32.18,99.91,86.89,94.71,0
79.12,2.94,278.55,36.98,35.6,84.68,89.53,100.0,0
85.81,3.04,339.36,40.75,36.32,97.5,74.39,95.57,0
83.32,2.89,290.54,32.71,29.57,83.73,82.79,94.24,0
77.11,2.47,241.96,30.86,36.41,104.61,77.88,97.84,0
81.04,2.61,261.96,32.02,41.82,80.93,82.63,91.32,0
78.78,2.73,217.51,36.98,36.92,100.63,74.98,95.19,0
79.15,2.54,292.98,36.49,39.42,84.75,72.93,98.99,0
80.56,2.54,294.35,35.31,35.55,106.11,88.42,94.77,0
81.86,2.75,287.27,31.63,34.78,94.73,79.49,91.53,0
78.98,2.48,332.37,37.3,36.14,81.87,96.18,94.21,0
83.19,2.28,335.96,31.33,32.55,85.82,80.37,97.91,0
76.57,2.38,294.89,38.48,32.11,96.25,72.59,95.75,0
80.02,2.69,235.96,43.57,38.8,98.42,89.82,93.32,0
87.79,2.5,318.52,36.1,39.12,89.43,85.05,93.63,0
80.67,2.6,316.66,36.75,32.03,90.36,85.81,93.88,0
84.3,2.7,309.28,33.52,37.9,96.07,89.52,95.72,0
80.27,2.39,329.44,29.57,34.74,91.05,74.78,97.68,0
81.74,2.73,265.06,33.19,36.02,79.65,78.98,97.1,0
79.83,2.61,360.26,31.72,36.38,83.5,78.63,95.91,0
79.49,2.13,271.22,30.66,37.98,91.88,69.67,92.34,0
77.66,2.93,322.48,40.17,35.25,99.72,77.89,92.34,0
81.29,2.35,249.38,35.82,39.23,102.93,90.69,96.07,0
77.45,2.0,272.09,36.14,35.93,96.24,81.9,92.31,0
82.0,2.19,345.49,34.07,36.87,92.3,69.23,94.55,0
83.26,2.19,292.17,34.48,32.5,95.99,67.55,95.61,0
81.1,2.52,325.2,37.89,41.48,84.67,93.32,92.72,0
79.14,2.42,307.11,34.9,36.41,88.77,79.28,92.95,0
81.36,2.4,296.85,36.59,37.14,83.41,74.82,94.81,0
79.07,2.69,340.92,34.41,30.18,80.01,77.81,96.01,0
82.81,2.6,292.9,33.97,32.53,92.67,68.18,97.12,0
74.51,2.59,246.58,30.78,38.71,91.48,91.38,96.21,0
78.99,2.62,275.9,29.07,35.86,95.5,76.86,95.15,0
74.03,2.68,316.54,34.22,29.26,94.37,90.94,93.51,0
75.51,1.87,311.87,35.17,38.11,91.94,80.41,92.86,0
84.09,2.39,252.99,31.14,33.37,94.45,91.44,93.98,0
82.69,1.85,278.27,34.9,39.23,89.66,82.05,95.82,0
77.84,2.51,282.55,35.16,34.74,93.3,86.83,95.67,0
75.49,2.5,289.04,28.53,35.61,84.19,85.75,90.8,0
71.11,2.81,258.72,32.25,38.54,92.96,84.99,93.43,0
78.37,2.86,281.15,36.22,32.31,95.35,82.78,97.41,0
87.26,2.56,278.14,36.16,32.02,84.64,78.14,95.16,0
81.3,2.35,323.15,31.54,34.41,90.41,95.32,92.17,0
78.32,2.65,324.27,35.48,37.48,85.01,72.74,99.71,0
81.4,2.34,295.63,38.07,31.01,85.79,80.03,94.94,0
75.32,2.5,288.24,37.33,30.0,81.0,80.12,95.77,0
79.11,2.8,304.2,34.71,37.47,100.13,83.22,95.8,0
80.3,2.33,275.5,33.6,33.19,98.53,76.56,94.26,0
79.74,2.74,265.6,33.11,33.82,94.3,82.52,93.54,0
82.37,2.7,271.79,36.4,29.43,105.78,78.65,99.24,0
81.03,2.21,280.96,35.59,32.96,88.49,67.34,97.01,0
82.0,2.79,265.1,36.89,34.98,114.25,80.08,96.64,0
77.93,2.71,304.86,35.4,37.79,88.18,71.2,96.15,0
82.69,2.53,321.89,37.46,32.69,92.04,66.12,92.99,0
84.89,2.27,252.39,35.28,39.97,86.82,81.09,97.56,0
77.09,2.24,300.75,37.35,32.95,92.98,83.9,93.31,0
77.34,2.34,293.4,37.61,32.95,96.68,84.21,95.57,0
84.01,2.66,310.25,32.59,39.61,89.09,84.54,91.72,0
79.43,2.21,299.61,29.58,35.63,104.21,64.54,90.92,0
84.21,2.63,256.39,39.63,33.34,91.91,69.11,95.64,0
65.57,2.11,248.25,34.88,29.16,74.07,113.0,88.52,1
62.03,1.73,199.25,36.07,33.43,120.55,108.16,79.06,1
69.62,1.27,218.06,27.56,31.8,91.06,101.78,77.33,1
74.36,1.86,174.45,31.58,30.06,120.52,108.32,83.8,1
72.17,2.23,248.08,31.68,27.02,85.51,104.78,80.86,1
67.23,1.89,271.63,31.16,30.68,91.88,98.36,84.29,1
68.03,2.24,222.0,31.2,33.04,77.97,106.29,85.62,1
70.66,2.04,166.87,30.91,31.29,103.62,107.65,87.76,1
71.37,2.39,235.22,35.06,30.5,88.99,101.25,81.59,1
66.97,1.91,197.4,33.31,27.61,89.27,114.04,86.2,1
68.1,2.14,203.42,26.82,32.6,86.27,117.89,85.04,1
68.9,2.15,235.66,32.39,20.6,107.77,114.7,86.04,1
69.66,2.45,226.36,32.68,31.15,107.11,102.24,83.44,1
67.6,1.49,207.8,30.94,37.71,118.12,112.56,89.15,1
67.64,1.86,203.76,33.39,25.47,93.14,105.78,84.69,1
72.14,2.25,223.15,30.56,29.28,102.19,92.64,90.32,1
71.63,2.46,209.76,30.6,29.98,87.11,111.73,82.63,1
69.43,2.07,192.27,30.36,28.61,96.65,106.46,87.23,1
73.16,1.91,211.69,23.95,33.11,94.81,130.94,84.82,1
66.84,2.23,228.49,29.76,31.42,104.64,119.57,84.02,1
72.87,2.26,215.55,28.0,30.46,110.17,112.11,86.9,1
69.63,1.89,184.66,26.44,32.39,109.91,107.49,84.1,1
77.81,2.1,244.73,34.3,30.05,91.57,106.64,77.01,1
64.42,2.35,151.53,31.51,39.54,109.98,94.96,75.81,1
65.93,2.57,208.84,29.91,30.45,99.56,87.61,88.82,1
69.26,2.22,204.5,28.31,30.59,96.75,96.27,88.69,1
69.19,2.01,223.7,30.89,24.87,92.91,104.52,90.66,1
73.85,1.98,234.04,32.97,28.37,94.4,83.94,84.95,1
65.99,2.17,248.17,27.52,33.44,117.42,99.56,81.12,1
70.71,1.97,202.19,29.99,25.99,103.07,102.52,83.74,1
71.49,2.06,234.66,32.6,23.53,101.75,102.85,85.03,1
70.11,1.68,224.9,24.19,30.1,97.38,98.38,81.98,1
65.12,2.39,177.21,29.83,34.11,124.46,101.58,89.95,1
72.22,1.66,267.51,28.71,30.13,113.05,122.24,91.72,1
71.69,1.87,184.03,29.6,28.99,92.79,111.62,86.43,1
69.8,2.03,230.49,28.5,24.42,97.26,99.4,84.97,1
68.61,2.6,229.75,30.41,31.36,97.86,104.32,81.12,1
68.68,1.87,226.89,35.77,31.98,101.46,104.72,89.64,1
67.76,1.8,207.64,29.03,24.65,92.99,97.32,85.23,1
69.92,1.83,240.68,30.88,33.4,104.39,97.31,84.13,1
68.09,2.5,180.99,35.98,32.3,114.52,115.11,86.44,1
65.45,1.16,218.35,28.35,33.4,86.86,100.8,83.24,1
64.85,1.7,205.9,35.44,31.75,88.72,94.05,85.44,1
65.74,2.82,203.07,30.02,31.96,95.17,104.57,80.67,1
68.67,2.18,230.72,35.35,31.56,95.63,106.18,88.26,1
67.92,1.67,246.94,32.25,32.61,119.98,85.27,84.69,1
68.65,1.99,211.42,30.92,24.54,110.02,104.59,88.48,1
69.5,2.02,239.52,29.8,25.5,109.44,113.68,84.4,1
66.12,2.25,221.24,28.13,27.79,97.36,109.51,84.59,1
72.4,2.55,197.68,30.23,29.61,97.14,127.3,81.36,1
67.2,2.12,213.55,32.69,31.16,85.48,117.51,87.28,1
66.7,1.84,212.51,29.96,30.97,107.82,119.49,82.37,1
69.45,2.24,202.58,29.05,33.35,104.91,133.0,83.54,1
62.49,1.79,230.71,29.25,33.45,112.86,112.58,85.0,1
65.63,1.69,225.87,32.98,27.38,97.89,106.63,85.36,1
70.94,1.47,180.23,33.68,30.72,98.58,114.74,79.88,1
62.79,1.53,178.71,28.0,27.46,101.7,99.41,84.31,1
71.35,1.73,230.62,27.99,29.44,108.92,106.08,87.39,1
72.53,1.65,199.62,31.14,30.97,85.3,98.52,83.86,1
66.89,2.09,227.55,34.58,20.0,107.36,108.98,84.33,1
68.88,1.64,239.52,33.44,37.23,99.8,98.48,85.49,1
71.36,1.06,188.23,26.24,31.7,89.41,98.13,84.62,1
66.6,1.69,184.71,29.21,28.21,79.15,109.13,81.91,1
70.6,1.86,261.86,27.21,35.78,98.64,103.62,84.89,1
65.99,1.82,228.79,29.2,28.96,114.48,85.72,87.98,1
66.57,2.46,209.52,34.81,30.4,116.75,90.44,81.85,1
65.6,1.82,196.65,25.73,28.54,103.55,93.53,83.88,1
69.03,2.26,207.24,25.14,34.96,119.62,96.17,80.86,1
71.47,1.99,190.24,27.51,29.69,99.57,109.14,87.82,1
67.45,1.99,242.09,30.86,30.45,109.53,107.19,84.72,1
64.19,1.75,200.58,31.86,33.61,95.49,115.65,82.45,1
64.75,1.98,247.34,31.31,31.76,94.85,112.53,85.28,1
69.18,1.77,209.98,33.53,29.84,93.22,115.72,81.39,1
73.53,2.05,193.92,24.71,33.33,79.39,111.08,81.9,1
69.18,1.93,209.34,33.57,37.62,112.87,107.1,80.62,1
66.84,1.72,154.4,29.06,30.95,93.58,115.99,81.8,1
70.3,2.3,216.98,32.19,30.35,91.99,114.19,89.07,1
67.28,2.13,215.75,26.03,30.51,88.2,108.76,82.8,1
66.87,1.87,240.62,30.01,33.93,97.96,117.71,86.4,1
65.12,2.04,172.84,30.71,28.2,117.63,81.54,82.49,1
72.23,1.97,249.05,33.47,29.17,120.94,102.1,87.28,1
60.38,1.74,240.51,25.24,25.39,83.39,101.94,81.92,1
70.39,2.02,251.3,30.09,26.45,96.46,116.53,85.12,1
66.61,1.81,218.68,26.74,28.45,89.66,120.71,85.16,1
66.77,1.72,245.35,31.52,29.83,109.88,90.5,91.98,1
73.08,1.51,183.22,32.33,35.31,102.87,119.11,86.89,1
65.86,1.89,237.83,33.86,31.61,93.63,93.29,83.22,1
65.96,2.17,200.72,28.39,27.26,100.73,93.59,87.06,1
67.61,1.79,178.71,32.78,27.82,95.23,102.66,91.41,1
69.24,2.76,191.9,34.08,34.12,116.14,101.82,80.11,1
66.67,2.27,220.14,25.07,33.38,105.47,89.42,82.47,1
63.28,2.39,199.39,31.84,30.08,106.7,111.5,84.29,1
65.4,2.24,229.4,32.88,28.67,73.33,111.79,83.75,1
71.84,2.56,174.79,29.22,33.37,99.33,115.54,84.0,1
68.22,1.76,166.82,26.37,27.02,120.83,100.67,81.09,1
69.35,1.23,254.31,32.83,31.18,113.26,104.6,89.21,1
67.22,1.87,242.6,26.4,36.82,81.53,104.7,80.73,1
66.02,2.17,193.77,29.46,30.62,96.87,121.88,84.4,1
73.03,2.05,219.93,29.88,27.67,87.98,76.66,88.14,1
67.44,2.08,245.49,32.15,31.23,117.11,95.43,84.91,1
66.67,2.4,230.48,28.12,28.59,102.44,105.06,82.06,1
71.29,2.11,223.71,27.95,25.82,92.32,94.14,80.95,1
65.83,2.24,247.38,30.3,32.1,100.34,102.42,84.31,1
66.22,1.72,201.73,33.02,33.35,73.93,103.74,82.73,1
68.03,1.67,220.78,36.86,29.07,89.15,98.42,85.62,1
68.0,2.48,219.55,25.48,28.87,100.36,105.64,80.8,1
68.78,2.03,213.18,30.95,27.12,108.46,111.28,87.44,1
74.28,1.81,210.25,26.74,29.55,80.59,102.64,85.35,1
69.01,1.81,221.82,33.06,28.31,96.19,100.47,85.57,1
60.87,1.81,220.86,27.18,26.97,110.1,103.34,89.32,1
68.98,1.79,193.79,27.98,35.68,85.49,104.93,83.69,1
68.11,1.62,240.04,28.23,31.4,102.29,87.6,82.82,1
68.13,1.55,195.59,29.77,31.72,100.66,109.62,83.36,1
68.74,1.94,214.54,30.97,32.65,117.14,100.49,84.42,1
67.91,1.82,212.62,31.45,32.31,97.7,117.62,84.73,1
67.84,2.33,228.95,29.98,28.76,98.28,110.91,82.51,1
69.84,2.09,167.02,26.01,30.82,108.55,116.7,78.93,1
66.37,2.08,242.27,32.18,29.19,86.74,94.89,83.32,1
65.16,1.78,203.08,29.84,31.32,97.79,101.29,86.08,1
77.07,1.96,250.5,33.49,31.03,95.44,92.58,85.41,1
65.85,2.11,208.05,27.88,28.85,98.61,97.95,88.6,1
68.3,2.21,218.78,25.19,26.01,108.48,117.52,90.87,1
63.51,1.97,267.84,29.9,30.44,105.54,119.87,87.28,1
68.35,2.32,213.07,33.89,29.39,92.51,93.52,89.15,1
65.2,2.0,250.97,30.48,24.33,101.37,100.42,87.3,1
66.67,2.24,220.98,29.4,31.52,114.9,104.24,90.13,1
71.14,1.85,230.39,27.39,32.9,91.69,110.86,90.55,1
69.42,1.46,221.75,35.27,37.59,101.45,87.4,87.85,1
69.71,2.08,241.2,26.91,28.83,98.07,88.97,87.12,1
62.69,2.22,202.86,27.82,28.38,99.37,109.9,84.38,1
73.51,2.17,195.4,31.71,26.67,83.69,85.51,84.88,1
64.42,2.13,204.04,24.43,30.63,114.11,100.53,83.99,1
72.59,1.9,222.49,33.82,30.61,92.26,106.62,86.86,1
71.06,1.76,214.48,31.87,27.57,110.26,109.16,82.84,1
69.73,2.17,237.76,32.7,29.48,93.79,103.58,84.43,1
65.44,2.13,252.62,31.67,24.06,93.74,101.34,77.93,1
68.45,1.83,195.6,29.52,32.78,112.13,113.45,90.17,1
66.59,2.33,201.65,26.81,27.69,109.94,107.85,84.34,1
68.09,1.74,184.09,29.58,29.9,102.09,98.53,86.37,1
67.25,1.82,270.76,27.07,25.72,107.61,105.38,89.37,1
61.88,2.49,227.62,31.46,28.25,97.11,108.83,85.9,1
71.37,2.26,232.0,32.42,29.16,99.92,122.18,89.33,1
67.76,1.89,186.49,34.43,29.97,93.38,112.86,81.27,1
66.55,2.09,219.97,31.12,31.44,109.04,117.15,92.19,1
66.32,2.05,232.73,32.77,34.32,93.07,98.89,88.26,1
69.08,1.18,213.68,29.11,32.2,114.85,99.76,85.63,1
65.32,1.73,246.89,28.57,32.89,96.84,102.65,89.28,1
61.23,1.98,277.8,31.42,34.34,100.21,103.56,81.49,1
69.22,1.89,196.32,28.84,31.71,107.59,94.92,84.13,1
69.56,2.07,194.45,30.81,29.89,100.24,117.66,89.33,1
67.4,2.34,198.06,26.82,33.03,97.02,113.83,79.4,1
64.56,1.9,260.15,27.36,33.22,99.7,101.94,86.68,1
68.27,1.68,246.06,31.91,31.95,108.94,111.42,86.6,1
63.61,2.1,216.61,32.66,25.64,93.37,107.23,90.91,1
64.92,1.9,220.91,27.04,27.48,98.74,112.2,80.25,1
65.75,1.95,199.59,32.01,29.18,100.1,91.56,89.83,1
70.53,1.91,242.25,28.4,32.34,108.65,103.54,83.32,1
66.91,2.67,210.5,30.05,29.94,99.0,104.42,83.66,1
66.66,1.33,213.5,34.25,33.41,118.08,111.24,81.33,1
73.86,1.88,235.22,32.42,33.95,98.43,98.72,81.74,1
69.06,2.0,215.3,32.39,33.6,97.62,80.0,86.21,1
69.02,1.77,214.13,35.73,33.62,98.29,94.18,81.66,1
66.89,2.27,220.26,27.89,26.89,86.83,104.39,87.22,1
66.21,2.24,239.88,27.04,31.45,89.63,105.64,83.01,1
61.44,1.99,261.16,27.83,28.18,94.69,121.84,81.36,1
70.91,1.92,234.64,29.24,25.05,111.36,110.83,83.42,1
69.34,1.97,240.08,22.94,29.14,99.67,105.82,86.01,1
67.46,1.97,215.0,29.38,33.97,95.15,104.68,84.17,1
67.59,1.98,202.31,28.37,31.38,112.27,116.04,85.1,1
70.21,1.94,236.35,32.35,36.05,115.51,99.1,87.09,1
63.34,2.08,224.28,31.06,30.53,112.55,103.6,88.25,1
66.23,2.23,184.43,28.2,37.34,91.47,94.11,84.07,1
64.59,1.63,211.8,31.77,30.53,95.05,119.19,81.87,1
73.31,1.68,217.93,32.17,30.07,118.14,108.92,85.23,1
70.63,1.48,207.24,27.69,26.16,102.41,97.92,86.41,1
61.39,2.26,257.04,28.52,33.33,97.32,103.86,80.62,1
63.46,2.08,232.0,23.32,28.49,107.18,110.1,82.33,1
67.6,2.15,254.33,26.73,28.06,110.07,102.49,82.84,1
66.58,1.57,226.59,27.77,33.84,94.29,99.66,84.38,1
64.03,2.54,222.03,30.22,33.47,102.19,98.46,82.72,1
73.83,1.82,196.59,27.16,33.4,109.27,108.39,87.12,1
68.94,2.05,220.3,28.46,28.91,88.4,101.42,80.18,1
69.42,2.26,220.33,26.32,29.85,100.12,100.46,80.26,1
65.92,1.7,185.82,30.51,29.82,88.86,91.64,84.0,1
70.17,1.84,206.51,31.28,32.35,90.16,105.78,84.47,1
66.86,2.05,211.92,31.21,34.66,94.37,103.19,80.64,1
67.15,2.86,230.34,30.04,31.1,104.77,101.78,83.18,1
69.83,2.09,231.53,25.38,35.92,96.78,106.99,83.8,1
63.11,2.48,205.47,28.14,32.69,93.52,112.48,83.82,1
72.79,2.36,231.72,28.78,29.3,100.52,112.02,85.46,1
68.55,2.11,215.45,28.79,32.49,88.53,110.53,83.02,1
71.84,1.7,148.26,30.22,35.12,104.29,102.59,89.43,1
64.77,2.32,207.88,34.28,35.99,111.31,99.33,86.46,1
65.23,1.55,246.97,32.44,33.56,99.21,94.56,82.58,1
64.51,2.48,177.95,27.04,30.08,97.97,99.07,85.28,1
68.75,2.06,222.82,32.04,29.35,103.73,105.2,85.37,1
68.2,1.2,259.63,31.92,31.73,79.72,97.14,88.64,1
66.61,1.9,200.98,27.58,35.02,105.37,105.96,83.2,1
64.96,2.2,220.05,32.55,31.3,130.0,95.35,87.3,1
64.2,1.93,187.4,29.52,31.36,98.77,88.39,85.13,1
67.85,2.21,260.68,25.77,30.15,98.81,113.19,89.47,1
66.6,1.74,217.92,31.37,29.02,107.44,100.26,88.87,1
65.94,1.61,221.17,30.65,29.51,116.45,96.63,85.59,1
72.64,1.98,253.86,29.32,30.41,109.75,94.06,84.21,1
67.75,2.01,236.54,29.89,35.15,78.44,109.23,86.52,1
71.81,1.9,198.11,27.84,29.28,105.63,118.75,84.46,1
66.4,2.37,203.82,31.83,30.16,125.72,100.97,90.04,1
68.73,1.74,232.37,29.87,27.4,106.22,102.84,85.24,1
67.83,2.09,204.4,30.5,32.15,88.45,115.72,83.78,1
62.91,2.02,167.07,31.07,34.1,102.82,86.9,83.62,1
72.29,1.53,218.67,26.54,34.87,87.19,124.67,81.36,1
67.59,1.6,182.99,27.32,30.61,112.33,129.44,86.67,1
70.24,2.0,260.41,23.37,31.72,90.44,77.94,82.54,1
65.74,2.59,224.42,31.69,29.54,100.74,104.02,88.29,1
67.51,2.17,197.37,26.36,31.58,91.42,97.81,81.12,1
65.4,1.48,202.53,30.4,30.94,94.54,102.35,85.38,1
71.71,1.07,172.77,31.11,30.17,114.86,100.82,88.45,1
68.93,2.22,192.51,31.81,30.41,101.03,113.12,78.54,1
69.1,1.97,245.41,26.39,31.36,94.41,103.87,91.05,1
72.07,2.34,275.79,29.8,29.12,88.55,95.89,83.72,1
71.47,1.74,238.16,35.01,29.27,81.28,103.28,85.42,1
70.3,2.11,217.7,35.14,35.12,87.49,110.15,86.71,1
63.73,2.25,209.2,32.96,38.13,101.12,93.16,87.18,1
65.91,1.87,196.09,31.01,26.39,109.8,88.54,85.82,1
64.99,1.87,271.49,26.98,26.22,94.4,124.93,87.99,1
70.18,2.01,215.28,32.16,27.13,115.71,98.58,86.56,1
68.51,2.16,272.89,29.53,29.69,92.82,103.63,90.28,1
63.83,2.0,254.84,31.68,32.69,97.62,101.02,86.57,1
67.43,2.29,176.48,28.1,31.77,89.2,110.48,90.89,1
63.52,1.86,203.35,29.48,30.52,109.91,122.73,87.7,1
67.84,1.6,203.27,30.49,31.59,120.98,110.8,79.58,1
63.03,2.59,218.0,30.74,27.92,82.38,89.82,92.83,1
69.59,1.82,218.49,31.48,29.27,96.54,91.16,83.28,1
69.13,1.83,294.91,28.26,29.94,112.65,101.01,89.49,1
73.72,1.98,193.07,25.97,25.25,85.53,102.32,85.08,1
70.54,2.02,225.72,34.87,26.52,105.67,87.78,88.18,1
66.73,1.88,235.41,37.47,26.64,112.21,113.19,82.93,1
70.45,1.99,219.96,31.34,32.29,100.78,94.14,86.88,1
63.81,1.99,222.75,26.03,30.74,105.5,119.93,84.24,1
65.11,2.05,193.88,27.68,31.83,117.61,123.21,89.74,1
69.0,1.29,222.66,31.53,24.48,119.48,102.52,86.32,1
61.53,2.56,232.78,34.02,25.55,99.38,109.39,87.81,1
67.89,1.96,228.19,26.36,31.99,94.68,92.68,78.51,1
64.94,2.17,234.26,29.63,21.66,90.8,111.24,84.74,1
68.3,1.59,255.32,30.59,33.67,109.77,100.02,86.23,1
64.77,1.86,243.42,32.59,24.53,86.28,94.13,85.67,1
69.27,1.8,221.78,28.97,32.53,97.47,102.11,87.88,1
68.06,2.44,190.71,25.31,27.33,101.03,100.34,83.9,1
72.2,1.82,205.0,31.86,33.15,94.97,101.75,85.15,1
68.02,2.23,214.51,33.37,39.62,102.8,114.5,88.54,1
65.69,1.8,226.31,29.75,23.18,125.65,97.15,78.16,1
67.26,1.86,208.04,31.22,32.09,98.78,122.35,86.77,1
63.97,1.93,196.61,28.58,24.58,95.65,91.75,84.0,1
69.22,2.39,190.3,27.46,31.28,110.15,121.15,82.26,1
69.77,1.43,178.72,33.08,29.38,102.4,94.83,86.01,1
75.41,1.61,214.13,31.16,30.39,114.39,104.99,88.68,1
66.13,1.42,183.26,31.47,27.26,101.65,100.1,88.12,1
67.2,1.67,194.99,34.51,32.34,97.52,101.56,84.59,1
66.27,1.76,210.15,26.84,25.65,82.16,113.01,87.63,1
68.64,1.52,186.6,28.34,33.72,83.8,120.0,87.6,1
69.15,1.78,229.49,30.47,28.77,81.64,116.91,84.74,1
67.84,1.4,238.51,28.31,25.79,103.79,100.95,82.92,1
71.26,1.69,206.26,32.35,34.78,86.38,106.84,83.09,1
66.15,2.36,209.07,29.44,29.8,112.56,97.18,87.51,1
70.96,2.12,233.44,27.02,35.72,100.3,95.08,84.87,1
69.62,2.06,202.15,30.2,33.66,97.56,93.54,81.86,1
67.96,1.7,200.43,30.51,27.61,91.56,100.62,79.95,1
67.06,1.54,249.91,32.8,29.75,106.22,107.5,87.5,1
75.28,1.66,242.1,31.18,30.36,91.96,85.88,83.36,1
65.55,1.99,235.04,31.38,34.58,90.15,104.54,85.99,1
68.89,2.26,243.14,30.96,31.31,111.88,120.16,88.72,1
65.75,2.27,170.57,29.44,30.53,103.55,116.22,81.07,1
73.36,2.19,253.85,27.85,29.4,97.65,99.15,84.86,1
70.66,1.78,229.8,30.87,29.85,106.41,91.03,84.49,1
65.96,2.01,245.27,29.0,33.91,100.09,109.6,86.14,1
69.54,1.9,229.68,35.07,30.01,103.83,81.83,88.72,1
68.77,1.94,221.22,34.03,28.82,91.83,116.1,81.01,1
66.45,2.61,213.12,31.9,28.31,120.7,102.86,86.71,1
70.27,1.47,229.18,31.14,28.34,94.2,123.31,88.09,1
69.17,1.93,212.21,29.74,25.79,115.56,87.73,84.44,1
68.65,2.36,241.7,26.22,27.75,98.11,114.18,84.59,1
67.87,1.56,180.34,29.35,34.5,108.07,103.99,86.26,1
69.29,1.81,206.46,30.3,29.38,107.34,101.69,86.03,1
68.69,1.84,271.12,30.69,32.11,111.47,91.3,86.75,1
68.18,1.93,204.35,31.41,22.56,91.59,110.96,86.68,1
66.08,1.52,214.03,32.76,31.7,110.76,111.76,82.05,1
73.08,2.18,197.94,27.92,29.52,118.46,122.85,87.97,1
64.85,2.2,228.4,27.95,28.56,97.41,115.08,88.5,1
69.28,2.15,201.59,34.35,30.54,100.35,99.06,85.56,1
67.04,1.74,215.36,32.31,28.51,94.77,94.96,80.52,1
73.28,2.03,241.22,28.83,23.63,96.54,91.32,84.66,1
65.29,1.73,202.53,29.68,32.77,117.11,119.73,85.58,1
65.79,1.9,239.72,29.69,30.73,89.96,97.22,81.57,1
65.09,2.65,240.56,30.09,29.06,90.58,119.8,83.92,1
68.97,2.03,246.37,31.42,27.1,116.11,110.25,80.77,1
63.88,1.64,223.51,37.6,25.59,106.25,108.3,86.82,1
66.56,2.05,301.03,30.57,30.67,121.2,101.93,85.5,1
61.54,1.59,246.36,31.99,34.84,95.5,111.61,80.06,1
68.72,1.64,228.12,24.94,30.61,101.26,104.85,86.05,1
66.5,1.69,198.1,28.55,25.85,93.39,101.31,84.83,1
63.54,1.87,217.57,33.69,30.68,101.43,111.96,86.55,1
71.26,2.28,255.66,31.21,29.84,82.26,103.56,83.83,1
64.08,2.17,262.74,20.0,32.59,106.85,97.02,82.6,1
70.39,2.16,256.96,32.02,31.82,103.23,111.0,82.69,1
65.9,1.67,239.63,35.75,21.04,99.42,104.36,83.39,1
72.8,1.84,188.61,24.01,31.64,96.1,109.89,85.06,1
70.25,2.08,232.18,34.56,26.99,91.05,100.46,85.44,1
64.98,1.81,188.96,21.68,25.73,107.28,92.91,84.43,1
65.25,1.92,182.81,32.81,29.43,88.29,122.35,83.73,1
69.82,2.13,225.98,29.97,31.23,105.12,120.47,83.95,1
67.21,1.9,233.08,22.95,25.08,120.74,113.84,92.52,1
67.49,2.07,242.58,31.34,32.11,114.86,101.12,82.69,1
71.82,2.48,232.43,33.45,32.29,84.95,102.0,83.33,1
65.75,1.95,233.29,31.09,30.14,94.63,118.82,94.88,1
68.27,2.35,195.38,31.75,27.4,104.21,101.46,86.26,1
70.86,2.17,217.38,28.76,27.06,99.3,98.67,80.86,1
70.43,1.56,182.32,24.42,33.08,86.01,123.72,87.53,1
67.52,1.67,169.92,32.08,25.47,103.85,104.52,82.27,1
67.13,1.75,238.52,35.25,33.19,99.9,122.68,87.73,1
62.78,1.74,201.17,33.39,29.5,119.14,91.02,84.37,1
64.83,1.97,241.81,24.04,29.71,97.47,110.18,83.68,1
68.96,2.18,247.71,25.46,24.88,111.68,125.71,89.83,1
67.59,2.38,204.52,27.46,29.56,87.33,105.3,86.7,1
68.22,2.09,234.76,25.22,31.84,89.72,102.36,87.92,1
71.12,1.87,203.47,30.13,25.99,107.22,93.32,86.3,1
64.44,1.38,173.85,31.18,31.5,110.84,115.82,83.67,1
67.29,2.02,223.08,25.71,30.27,90.43,97.3,86.83,1
68.57,2.01,208.23,32.33,28.07,100.24,104.05,88.63,1
65.89,2.05,209.0,31.8,32.56,86.18,92.65,85.4,1
72.29,2.63,269.38,28.36,23.39,98.19,120.57,90.4,1
70.73,2.37,181.85,29.48,31.04,108.37,116.55,87.55,1
68.87,2.24,229.57,24.15,34.86,95.65,104.68,85.64,1
73.38,1.71,195.13,29.0,34.32,97.51,93.46,85.75,1
63.5,1.85,242.71,30.02,31.17,88.7,120.36,85.41,1
67.98,1.97,227.46,30.51,29.09,93.52,101.34,81.25,1
69.1,1.77,229.48,31.14,28.09,117.58,93.95,84.73,1
65.26,2.15,196.38,30.73,29.09,100.73,87.38,85.66,1
68.9,2.11,200.86,29.21,31.63,89.98,98.54,83.75,1
64.68,1.67,243.18,30.86,27.58,96.85,90.45,86.01,1
70.07,2.36,264.27,33.01,32.27,84.03,98.77,85.06,1
71.17,2.03,232.01,29.71,36.4,89.86,112.44,87.32,1
68.82,1.48,197.56,30.95,29.81,113.6,101.25,86.99,1
62.44,1.98,228.47,29.44,25.97,98.58,108.56,85.5,1
65.1,2.08,280.69,28.06,25.97,118.91,97.77,80.9,1
69.69,2.29,222.56,31.57,32.33,99.05,105.65,90.37,1
68.06,1.9,256.55,28.33,29.82,99.64,124.21,84.57,1
59.92,2.25,201.49,31.16,32.63,106.41,101.52,84.76,1
71.73,2.06,218.95,30.08,28.4,73.27,108.84,83.97,1
68.41,1.61,235.49,29.09,32.49,102.05,89.34,83.53,1
65.54,1.58,229.93,29.02,29.53,99.51,120.2,89.63,1
70.98,2.34,200.84,28.48,27.8,114.86,100.23,89.16,1
65.97,2.36,199.76,25.06,28.8,109.65,115.51,86.33,1
65.93,2.1,244.71,31.15,26.41,88.66,103.77,84.68,1
69.08,2.45,249.79,30.69,35.97,112.42,111.12,86.86,1
73.34,2.32,257.8,32.55,29.71,97.38,111.71,85.22,1
72.87,2.21,265.1,28.41,31.93,90.96,100.48,84.43,1
69.08,1.73,223.37,35.69,28.39,101.97,115.92,86.01,1
69.39,2.52,212.22,28.86,26.84,97.97,97.41,83.68,1
70.37,2.16,253.77,27.37,29.3,115.38,112.78,85.76,1
64.23,1.88,237.83,27.02,33.3,103.41,101.1,85.61,1
69.93,1.8,195.44,24.8,28.44,102.06,108.5,86.81,1
65.8,2.08,194.16,34.6,27.39,109.01,100.38,83.14,1
68.96,1.5,232.3,34.11,30.47,110.93,105.5,87.13,1
67.32,2.21,215.57,31.8,31.5,107.84,94.25,82.28,1
69.5,1.71,219.34,27.31,34.93,114.19,107.48,83.28,1
68.35,2.11,246.81,35.43,31.06,106.09,105.44,83.41,1
58.78,1.84,238.98,28.94,31.93,101.68,99.6,81.78,1
68.54,1.92,253.25,29.19,32.16,112.39,104.45,88.05,1
69.93,1.77,171.71,34.31,26.54,99.09,106.34,82.09,1
69.34,1.95,226.33,31.98,27.11,100.33,98.84,82.9,1
67.69,2.57,237.37,36.6,26.75,117.22,103.71,88.77,1
72.93,2.42,181.84,30.75,26.0,116.22,94.94,83.29,1
68.93,2.11,203.63,28.81,32.39,99.92,128.46,84.44,1
69.31,1.99,198.99,28.16,30.87,95.46,115.59,81.96,1
71.13,2.25,220.54,24.46,30.24,114.63,107.73,87.5,1
104.23,5.16,399.68,44.99,38.09,48.89,60.62,97.83,2
103.69,2.98,413.96,39.36,44.64,50.29,53.29,96.59,2
102.69,4.11,374.89,35.17,38.43,60.07,60.6,98.58,2
100.37,4.46,331.81,45.35,42.53,69.62,53.12,97.9,2
97.38,4.66,332.25,39.8,40.72,55.18,67.12,97.06,2
95.93,3.99,410.09,33.09,42.98,56.19,76.37,98.06,2
106.45,3.21,335.88,42.85,40.44,58.27,62.9,97.81,2
103.82,3.94,393.72,44.1,33.35,64.58,56.19,97.77,2
96.53,3.98,384.0,30.3,44.04,56.18,44.8,97.38,2
100.2,3.96,393.2,36.7,39.65,55.73,49.89,96.04,2
98.5,5.18,396.51,39.56,43.16,49.24,69.33,98.11,2
94.36,3.65,347.32,42.94,42.76,55.43,53.82,96.8,2
100.89,4.71,345.86,37.94,36.91,69.42,57.77,96.47,2
97.92,4.61,405.02,36.67,36.34,60.73,63.93,97.64,2
95.24,5.17,357.97,42.91,42.62,54.08,68.89,99.1,2
92.6,4.41,283.74,38.13,38.79,69.89,58.8,98.28,2
92.18,5.05,402.71,42.17,43.75,55.32,57.57,97.2,2
98.14,4.38,343.73,35.55,39.29,71.36,60.43,97.14,2
99.57,4.8,396.35,34.59,44.09,71.23,56.23,98.95,2
95.62,3.45,428.75,43.02,41.69,60.45,56.56,94.4,2
103.25,2.65,380.59,41.01,41.15,48.01,62.47,99.2,2
99.67,4.76,414.85,43.69,38.5,78.32,61.11,95.19,2
102.88,4.8,385.38,37.87,40.93,63.1,72.79,95.88,2
99.09,4.83,435.56,36.82,44.77,57.41,62.63,97.23,2
96.06,4.13,342.83,45.44,39.78,67.65,66.91,100.0,2
100.57,5.54,379.71,33.91,42.12,65.62,53.57,100.0,2
93.69,4.18,403.56,45.01,40.19,70.49,63.15,99.06,2
102.7,4.79,373.34,45.28,40.5,54.7,55.66,98.53,2
95.31,4.92,420.33,43.44,46.89,62.55,62.37,95.21,2
104.59,5.7,364.88,37.25,44.81,50.51,64.13,98.24,2
98.31,4.28,452.43,36.73,40.32,65.33,60.3,97.18,2
105.31,4.04,454.28,39.16,40.86,59.82,74.44,96.77,2
94.39,3.45,389.87,34.82,37.19,62.25,68.57,98.23,2
96.61,5.59,399.34,36.15,39.31,58.83,67.06,97.29,2
101.9,4.79,421.71,42.58,41.24,57.99,64.59,99.3,2
105.85,4.82,338.45,42.6,43.4,53.05,70.58,95.1,2
108.33,6.68,334.08,35.8,43.0,66.32,51.38,98.11,2
100.21,4.73,423.97,42.7,35.56,71.92,68.22,96.68,2
109.19,3.59,389.59,41.82,43.91,55.55,54.05,97.39,2
98.55,4.36,372.07,46.04,39.64,64.43,56.61,98.46,2
105.49,3.82,380.39,42.28,36.05,63.46,63.37,96.32,2
95.29,4.22,296.49,44.23,45.35,60.06,67.4,98.25,2
102.1,4.22,373.33,41.91,45.85,47.79,53.08,97.68,2
88.29,4.09,353.64,43.92,41.05,49.59,56.92,97.01,2
94.39,3.52,412.13,34.85,42.84,53.75,60.59,97.29,2
102.33,5.61,414.83,39.51,43.07,42.89,58.88,97.77,2
93.44,4.71,400.18,39.84,45.58,71.26,65.12,96.85,2
102.13,4.34,393.84,39.03,42.91,62.94,80.62,98.01,2
104.53,5.03,327.59,41.78,34.69,59.76,62.52,97.58,2
97.49,4.83,400.67,42.54,48.04,42.48,55.59,97.08,2
95.16,4.69,402.03,41.57,44.26,45.41,52.22,100.0,2
97.63,4.98,423.58,39.29,37.96,59.98,58.05,98.62,2
95.17,4.59,454.14,37.06,35.88,75.76,54.36,97.43,2
99.49,4.97,320.76,44.39,42.02,54.41,62.81,98.22,2
100.51,5.03,366.4,41.4,38.89,66.91,62.71,96.46,2
98.47,4.61,354.02,35.93,41.32,56.16,57.22,97.34,2
108.37,4.35,386.04,39.23,42.97,60.44,71.91,97.52,2
96.4,5.57,380.47,33.03,37.73,69.72,55.59,96.13,2
106.96,4.17,371.81,40.14,35.54,57.23,59.28,98.58,2
94.79,4.77,415.97,39.21,41.54,54.48,63.83,97.24,2
100.36,4.79,341.45,37.7,37.87,71.34,65.35,97.47,2
105.92,4.07,343.56,46.34,40.58,60.36,67.67,97.15,2
105.66,3.93,344.15,35.38,34.63,68.73,62.57,100.0,2
97.9,4.25,367.39,42.83,38.99,54.52,66.31,97.01,2
102.78,4.16,337.0,48.75,42.86,71.25,56.01,94.9,2
102.11,3.48,378.3,44.31,42.42,62.19,65.51,95.6,2
97.3,4.04,374.21,39.87,36.85,63.48,65.43,99.14,2
103.08,4.69,352.47,35.46,35.33,61.05,69.08,100.0,2
109.31,5.39,410.58,34.55,40.06,55.96,49.99,96.98,2
102.36,4.89,377.92,38.35,42.24,59.99,54.56,99.92,2
102.83,2.68,417.19,37.25,41.62,56.46,64.94,99.11,2
103.36,4.95,373.17,37.12,37.95,67.68,44.09,97.72,2
92.7,4.11,379.15,38.69,41.19,58.38,62.95,97.61,2
102.3,4.82,360.3,39.59,46.01,48.03,66.36,98.27,2
94.92,4.49,379.75,41.94,40.82,46.56,56.54,99.32,2
97.05,4.37,404.93,35.05,33.47,46.19,57.42,98.6,2
110.81,4.43,365.6,37.27,40.81,64.94,53.56,96.98,2
98.73,4.48,398.14,39.36,48.18,50.79,56.87,97.74,2
96.3,5.44,351.55,39.22,34.85,62.4,57.04,100.0,2
105.76,4.49,406.57,47.35,40.12,61.09,55.9,98.38,2
95.26,5.26,359.7,40.93,39.09,59.48,55.57,99.3,2
97.76,5.16,409.81,33.55,40.38,63.51,58.37,98.81,2
106.25,4.97,382.13,41.67,40.78,61.27,58.3,98.41,2
100.21,3.25,433.23,42.18,44.56,38.32,71.24,98.16,2
92.19,5.28,339.61,39.5,40.34,57.41,57.63,99.35,2
102.72,4.18,328.33,35.15,45.11,63.4,62.06,99.08,2
98.02,5.0,358.43,47.03,39.53,73.12,56.54,98.4,2
107.7,3.82,331.54,35.72,38.6,73.49,56.46,96.96,2
96.97,3.67,331.6,42.64,37.32,49.09,49.77,98.58,2
105.26,5.88,401.75,40.8,32.73,57.2,50.57,97.9,2
108.88,3.83,379.85,42.4,41.1,47.47,52.76,97.54,2
95.75,5.3,363.21,46.83,48.22,72.16,61.1,100.0,2
99.03,4.58,366.46,42.25,41.83,68.1,66.46,95.69,2
101.94,4.21,359.1,37.77,42.75,62.8,49.28,99.44,2
95.71,4.47,437.76,44.42,38.35,61.33,56.71,96.71,2
101.35,3.59,354.26,37.48,39.02,71.05,51.8,98.2,2
98.88,4.49,333.73,40.65,43.94,69.69,58.41,100.0,2
98.77,3.74,407.86,34.83,48.03,69.26,66.45,96.56,2
100.24,4.22,372.45,35.87,45.95,63.65,57.32,96.91,2
100.36,5.15,451.36,40.21,43.22,57.21,59.71,97.97,2
100.82,4.68,361.58,41.47,40.14,66.14,68.73,96.73,2
97.01,3.46,409.61,33.19,40.84,66.53,62.75,99.33,2
97.22,5.1,417.88,41.99,36.99,58.47,55.44,97.2,2
99.41,4.5,361.75,36.72,34.21,57.19,60.95,98.98,2
99.78,4.12,354.0,45.12,35.49,69.07,55.03,96.01,2
97.81,5.02,405.95,38.59,40.2,73.31,62.52,95.29,2
101.62,4.38,400.12,35.51,38.83,54.0,63.09,97.66,2
90.93,3.68,330.63,40.3,34.12,57.89,51.8,95.65,2
96.35,5.79,340.5,36.34,39.85,62.81,61.05,100.0,2
98.6,4.49,291.22,45.08,38.73,63.89,59.29,95.71,2
95.72,4.44,400.84,40.0,35.31,55.82,63.27,96.44,2
108.15,4.22,370.84,39.39,38.52,75.07,64.99,98.62,2
100.09,5.33,374.32,42.37,38.72,63.38,62.86,97.12,2
100.88,4.13,320.8,35.98,37.53,64.25,58.18,95.72,2
97.58,3.42,341.57,34.84,43.71,74.07,65.6,100.0,2
99.92,4.02,363.27,41.63,32.39,56.41,54.76,96.5,2
93.92,5.43,356.47,35.6,32.06,59.29,52.08,97.71,2
99.15,5.08,384.12,35.6,40.01,49.97,40.83,97.69,2
95.31,4.32,400.42,43.35,40.38,58.62,59.58,99.07,2
98.61,5.46,459.44,42.1,41.62,48.09,55.07,98.69,2
87.2,5.02,379.3,34.98,37.84,65.98,62.39,96.76,2
94.36,4.31,419.04,37.52,36.33,63.36,48.17,97.51,2
107.32,4.38,350.95,36.39,39.97,57.78,56.12,97.66,2
104.15,4.73,321.38,47.11,38.23,59.2,62.82,99.12,2
106.6,3.92,367.67,43.62,46.2,66.09,53.82,96.25,2
106.94,4.5,324.08,38.32,38.7,50.91,62.46,100.0,2
103.36,4.72,380.51,42.3,39.79,61.63,56.66,96.86,2
97.74,3.32,352.68,34.58,49.9,65.6,59.8,97.99,2
94.81,4.37,311.6,37.31,39.22,45.74,63.57,96.26,2
105.73,4.29,440.76,40.42,42.22,65.48,65.72,96.05,2
100.32,5.22,361.19,41.81,42.59,46.61,60.55,96.69,2
112.47,3.21,322.68,39.61,42.93,59.06,55.12,96.54,2
98.17,4.23,411.44,40.99,41.16,50.69,57.25,97.38,2
109.86,4.16,354.5,40.31,40.78,71.45,63.82,96.53,2
99.22,5.17,418.16,39.35,40.4,50.74,53.87,99.04,2
106.68,4.47,354.33,38.82,37.7,46.8,58.93,96.83,2
108.48,5.76,361.07,38.29,41.3,61.07,57.68,96.66,2
94.89,4.96,392.07,40.93,48.11,56.69,59.38,97.41,2
97.58,4.21,400.76,41.64,44.84,47.96,53.94,99.49,2
94.84,4.67,406.9,40.79,41.22,64.21,48.89,98.32,2
93.85,4.25,376.86,35.29,43.42,44.07,63.12,97.85,2
103.34,5.1,398.5,36.0,36.52,51.71,65.78,95.85,2
99.02,3.57,406.1,41.6,38.96,55.4,49.25,96.29,2
100.26,3.92,387.02,45.89,43.79,66.42,62.21,96.08,2
102.78,4.82,375.01,40.61,45.95,70.36,66.5,99.96,2
90.71,5.36,329.41,38.35,36.92,68.82,63.58,98.8,2
106.43,2.96,400.97,40.9,38.07,58.77,57.5,96.71,2
98.25,5.46,381.48,35.45,48.73,40.58,54.34,97.15,2
102.66,4.4,365.52,45.24,40.39,63.13,60.49,96.76,2
103.1,3.18,424.72,40.75,47.29,71.76,61.49,96.67,2
106.85,2.4,330.03,37.32,40.83,69.87,60.57,98.69,2
99.48,3.43,437.54,39.33,40.98,63.7,58.92,97.57,2
89.38,4.49,379.22,37.89,38.78,50.48,53.5,100.0,2
100.29,4.45,391.11,45.25,43.77,55.8,62.54,99.88,2
101.0,4.94,366.17,39.19,45.43,75.47,62.83,99.96,2
94.83,4.12,321.65,40.62,35.86,48.67,61.2,99.01,2
100.74,3.72,375.11,42.29,38.59,50.82,60.67,97.37,2
98.19,4.21,391.72,37.04,43.66,67.54,70.08,98.9,2
93.29,4.52,403.67,40.77,39.48,56.55,56.25,97.48,2
103.36,4.66,373.07,41.1,38.03,50.55,67.69,100.0,2
97.18,3.95,303.26,33.78,44.04,72.22,55.6,98.61,2
97.97,5.13,326.04,41.01,44.41,63.69,66.65,98.39,2
97.69,4.07,451.82,39.82,38.2,56.95,67.4,98.19,2
106.18,3.89,341.76,40.52,40.85,50.83,58.24,100.0,2
99.8,4.12,429.95,40.14,35.17,76.38,69.97,95.85,2
100.4,5.25,347.31,41.04,36.42,59.8,62.81,100.0,2
97.8,4.41,373.61,45.35,40.5,71.18,54.74,97.72,2
102.31,4.01,401.88,35.28,40.13,67.15,57.76,95.89,2
106.75,5.15,351.29,38.63,36.13,55.83,66.8,96.87,2
103.24,6.0,435.73,42.67,37.14,55.9,65.54,95.52,2
103.43,4.65,382.65,41.92,35.74,71.57,53.65,98.98,2
103.03,5.36,396.13,41.84,41.82,71.7,59.16,96.44,2
93.1,5.23,370.63,51.01,32.13,44.98,61.22,98.25,2
95.62,4.08,403.06,42.46,35.95,64.4,56.95,99.7,2
98.98,4.52,435.26,44.52,32.55,59.03,74.15,96.99,2
96.37,3.6,375.4,38.77,41.68,51.73,61.4,97.6,2
94.68,4.36,440.54,36.03,32.79,62.09,59.63,96.04,2
90.64,4.06,358.59,38.74,40.13,49.2,67.15,97.42,2
93.27,4.22,406.74,42.85,46.56,56.27,57.81,100.0,2
98.72,3.98,397.12,41.63,46.69,53.61,66.04,99.17,2
99.65,4.3,342.6,41.61,32.78,56.0,49.99,97.6,2
96.03,4.87,387.48,39.14,41.19,59.43,57.28,97.08,2
100.39,4.42,380.26,38.5,36.04,51.88,66.29,97.94,2
97.83,3.19,350.14,39.28,35.23,72.59,69.42,98.2,2
105.45,3.98,392.53,42.9,39.55,63.95,55.36,97.37,2
99.19,3.44,385.12,43.36,44.91,74.36,54.66,98.8,2
103.48,4.67,377.46,35.98,42.4,58.72,63.4,96.57,2
101.02,4.85,377.6,43.05,37.14,55.61,56.26,96.56,2
92.99,4.68,376.85,37.4,42.82,74.07,58.39,98.56,2
99.55,3.95,367.13,41.88,31.03,55.38,65.26,96.25,2
93.82,4.67,384.89,39.23,36.99,58.57,56.74,99.09,2
99.46,4.17,357.46,46.26,36.7,65.76,48.21,97.98,2
96.27,3.7,472.99,38.33,40.31,50.1,52.19,95.26,2
101.91,5.02,330.67,40.71,39.19,65.69,60.06,98.16,2
93.29,5.07,359.53,42.43,39.43,64.67,48.82,95.47,2
100.07,5.16,362.3,36.5,39.3,70.15,58.22,99.04,2
102.86,4.07,451.42,39.71,40.09,67.12,51.65,97.63,2
104.54,5.33,333.8,38.93,42.16,70.4,69.84,100.0,2
96.18,4.15,394.91,37.94,40.6,59.12,72.99,99.61,2
100.09,4.96,388.69,38.24,38.86,53.1,53.65,96.41,2
100.92,4.14,391.68,44.45,41.61,76.88,61.54,94.97,2
107.74,4.34,423.27,37.61,43.3,47.79,54.24,96.87,2
92.59,2.81,422.55,42.27,37.78,48.59,58.14,96.17,2
95.44,4.29,364.22,41.26,39.76,64.52,70.82,100.0,2
114.02,4.56,386.79,34.41,44.65,73.0,57.2,97.98,2
98.63,4.21,314.76,42.08,35.59,61.52,58.28,99.4,2
90.55,5.73,383.47,34.35,47.22,67.99,54.34,97.57,2
97.09,3.69,352.21,42.51,34.64,44.03,66.88,97.73,2
86.16,4.11,373.48,37.97,38.62,56.0,40.42,97.95,2
101.2,3.87,321.01,40.03,36.2,45.01,57.34,99.66,2
104.05,4.11,394.17,34.82,48.75,66.24,59.72,98.47,2
95.44,5.22,320.62,40.49,37.99,47.62,56.03,96.41,2
97.65,5.53,385.19,43.71,38.0,49.78,65.18,100.0,2
104.62,4.01,337.07,36.77,38.52,64.11,67.21,97.56,2
91.25,3.99,350.26,37.57,40.38,68.49,51.53,97.32,2
93.39,3.69,420.42,41.82,38.69,58.73,72.56,93.76,2
98.86,5.41,400.58,41.92,39.47,64.56,51.46,98.95,2
96.24,5.28,420.22,30.26,25.88,64.3,67.73,98.15,2
98.53,4.43,434.59,48.06,40.23,58.28,60.9,98.15,2
93.68,3.52,352.95,42.11,40.07,51.24,56.98,97.4,2
101.07,3.59,432.46,42.79,44.15,64.52,57.54,97.14,2
99.25,4.62,328.71,39.43,45.24,64.9,59.8,97.45,2
102.75,4.88,406.11,32.58,39.25,67.15,61.25,98.69,2
101.0,3.05,362.73,42.7,43.26,62.5,54.48,98.96,2
101.03,4.28,347.44,37.74,35.59,50.65,58.6,97.65,2
92.77,5.63,401.51,42.18,43.07,65.52,55.38,99.42,2
102.46,4.35,413.07,39.12,37.71,59.99,52.71,97.88,2
98.35,5.54,412.03,40.95,35.26,56.14,55.1,97.24,2
99.17,4.95,387.52,36.9,39.26,57.64,53.1,98.3,2
105.24,3.74,384.62,43.46,45.6,54.48,57.48,95.96,2
96.4,4.3,398.44,35.25,40.72,67.11,62.59,98.35,2
106.76,4.41,390.63,48.98,45.99,48.66,60.72,95.69,2
107.22,3.83,398.95,48.95,37.01,52.05,71.85,96.46,2
103.76,3.82,387.14,46.53,44.19,57.37,46.74,94.97,2
95.1,5.55,409.5,45.1,37.39,72.91,62.82,97.74,2
89.07,3.82,323.05,39.66,40.9,68.43,60.04,100.0,2
105.39,5.25,375.41,44.67,40.87,46.87,64.89,97.82,2
100.56,4.19,331.57,39.62,42.65,70.81,64.3,98.97,2
96.27,4.48,389.68,33.79,41.0,70.8,59.01,100.0,2
105.87,4.89,437.47,46.01,37.04,50.61,61.04,98.61,2
95.69,4.08,363.41,44.52,43.52,39.83,55.54,96.85,2
97.88,4.9,384.45,39.87,46.93,59.42,63.68,97.06,2
102.62,3.07,406.48,35.1,37.66,68.98,48.73,98.0,2
94.43,4.81,307.63,37.66,32.66,72.73,64.66,97.05,2
99.45,2.77,361.73,32.72,42.0,53.03,59.86,97.16,2
105.45,4.34,392.76,43.78,38.68,74.02,57.08,99.48,2
101.06,5.1,278.61,33.59,39.48,42.18,58.6,99.54,2
106.24,4.94,345.81,41.15,42.22,57.06,59.04,95.53,2
105.67,3.59,418.53,36.63,38.17,56.66,67.78,96.77,2
100.04,3.68,415.1,34.29,38.92,69.22,79.4,97.3,2
88.32,4.02,393.1,40.95,39.6,70.39,67.32,98.9,2
94.47,4.63,410.88,38.66,45.88,67.63,56.61,99.71,2
103.82,3.08,387.53,43.35,40.12,49.2,63.78,100.0,2
92.25,4.49,399.44,34.93,35.06,66.9,64.04,97.3,2
98.37,4.72,368.95,36.97,35.22,64.07,54.45,97.38,2
101.69,4.3,384.05,30.45,40.56,46.63,52.44,98.88,2
107.35,4.87,357.87,31.26,35.48,43.46,59.62,96.98,2
97.12,4.66,424.22,47.19,33.75,68.3,64.85,97.79,2
96.78,4.12,433.25,48.33,42.54,58.56,50.33,97.38,2
99.74,3.14,428.3,40.37,42.74,49.72,55.67,94.07,2
101.75,4.59,365.72,36.7,38.53,58.33,63.44,98.18,2
99.23,3.83,346.62,38.81,41.17,62.91,60.25,97.73,2
105.25,4.1,424.69,43.49,40.75,59.34,68.5,99.91,2
96.0,4.84,399.04,37.94,42.41,47.58,51.53,98.01,2
100.6,5.49,391.5,40.95,42.42,75.08,74.11,96.12,2
102.23,4.47,357.82,39.95,29.58,68.03,50.77,97.61,2
98.0,4.89,394.9,37.72,39.04,57.32,47.83,94.86,2
104.2,3.49,342.02,37.9,42.07,57.64,59.65,96.18,2
100.74,4.67,402.19,41.17,38.36,62.88,53.19,98.95,2
103.94,4.46,428.26,36.09,40.14,50.96,59.77,97.63,2
100.97,5.36,437.09,41.81,43.0,62.58,59.56,99.38,2
101.88,4.12,404.8,38.11,40.32,49.35,58.83,95.05,2
96.84,4.33,331.63,40.51,46.03,59.44,54.95,97.64,2
96.85,5.24,386.91,45.54,44.51,50.65,62.6,97.29,2
106.12,4.44,454.89,39.33,39.53,51.06,58.1,99.43,2
103.18,3.72,349.6,43.68,39.21,73.17,66.62,99.01,2
94.89,6.29,377.93,32.83,28.6,60.47,58.92,98.96,2
100.9,3.74,429.47,38.12,38.69,61.66,54.21,100.0,2
88.13,4.45,401.6,40.11,34.59,43.91,49.87,97.45,2
97.13,4.74,466.81,47.69,40.88,55.22,58.97,100.0,2
104.81,4.69,354.35,32.16,40.61,63.69,52.38,96.43,2
99.37,4.37,345.36,39.62,42.78,61.55,51.9,96.38,2
100.59,4.37,422.84,45.83,45.59,42.77,63.16,99.13,2
84.92,4.34,338.14,36.86,39.89,61.66,49.33,95.74,2
98.04,3.72,373.11,39.15,49.12,62.93,68.47,98.86,2
101.69,6.01,377.7,41.33,40.93,70.27,60.96,98.15,2
102.33,4.35,416.26,40.74,34.76,54.76,59.74,99.61,2
104.81,4.92,401.5,46.26,37.75,42.06,53.79,97.91,2
98.95,4.27,396.0,41.79,38.51,52.03,64.59,98.08,2
99.17,4.25,365.91,45.31,42.37,51.22,59.98,98.76,2
93.34,4.18,422.53,38.56,36.21,65.89,55.88,97.01,2
98.98,3.42,500.0,37.04,38.81,38.27,61.2,96.94,2
93.69,4.39,404.19,39.1,39.36,56.41,49.9,98.71,2
90.76,4.22,383.49,35.36,38.21,71.41,50.19,97.96,2
94.57,5.32,334.57,41.93,43.25,60.06,53.28,97.39,2
107.54,3.66,357.69,38.46,42.57,67.17,62.1,97.88,2
98.65,4.1,372.52,37.31,44.67,46.87,59.98,100.0,2
101.1,3.87,361.29,41.99,38.68,47.18,66.29,97.34,2
97.43,5.51,379.44,35.43,44.81,71.5,54.48,97.29,2
91.05,3.89,442.23,43.08,34.54,60.81,63.45,95.44,2
91.83,2.84,245.67,35.5,34.08,51.4,75.73,88.21,3
94.63,3.63,311.1,33.24,32.33,43.96,94.71,94.86,3
95.34,4.04,263.38,32.08,32.45,40.64,83.97,86.7,3
92.43,3.68,207.59,33.17,32.31,45.13,82.06,92.06,3
95.82,3.45,332.96,36.0,32.58,49.1,89.16,91.57,3
94.92,2.78,255.94,36.17,30.21,50.75,84.31,85.26,3
96.45,3.47,272.61,34.56,33.22,49.36,70.08,87.51,3
95.94,4.12,329.23,37.28,32.92,44.15,75.45,88.01,3
98.28,2.88,275.75,37.81,31.73,50.51,94.52,91.69,3
91.32,3.38,275.1,36.45,34.47,53.83,85.75,88.9,3
86.69,3.31,243.15,32.36,34.72,51.16,69.87,89.74,3
94.65,3.15,230.95,35.48,32.33,44.78,88.17,85.63,3
95.12,3.62,275.01,35.5,33.57,39.16,79.97,96.98,3
98.28,3.72,290.88,31.55,40.48,39.0,77.13,90.21,3
97.13,3.72,289.17,29.29,40.36,40.23,74.7,91.5,3
99.78,3.01,265.56,27.93,30.84,46.8,94.0,88.38,3
94.48,2.68,280.61,34.21,31.26,48.64,67.31,88.04,3
92.92,3.63,224.88,34.89,30.82,35.1,77.46,95.74,3
86.46,3.25,293.81,30.45,37.17,41.47,86.08,84.25,3
93.23,4.42,284.84,37.14,32.8,46.7,99.21,90.84,3
89.79,4.44,339.21,34.46,34.72,38.7,89.98,86.37,3
92.85,4.5,280.22,38.05,39.99,48.04,77.39,88.78,3
92.22,3.03,251.72,35.11,33.97,42.85,98.76,88.09,3
93.89,3.78,278.48,30.8,36.12,39.94,72.8,87.04,3
91.61,3.94,270.17,35.37,35.56,45.37,87.39,90.11,3
95.74,3.88,293.04,36.01,32.24,47.75,89.39,82.3,3
81.11,3.32,280.81,32.36,37.18,39.06,77.07,89.05,3
92.76,4.14,242.2,29.67,31.45,43.3,91.28,89.73,3
96.81,3.5,230.93,34.3,38.02,48.27,80.37,85.92,3
99.48,3.56,287.89,31.0,32.24,39.67,91.26,94.54,3
94.93,2.73,321.49,37.36,32.57,33.4,68.44,88.22,3
98.74,3.82,282.38,32.78,30.73,34.24,88.01,89.29,3
92.68,3.37,304.4,39.17,31.23,42.07,81.29,88.22,3
92.01,3.73,310.38,27.63,32.72,35.77,95.35,89.76,3
94.12,3.62,288.0,34.4,26.71,42.57,84.6,93.92,3
91.99,3.59,255.57,38.29,33.3,56.65,96.24,97.42,3
88.87,3.48,285.86,31.33,32.48,35.35,89.57,92.24,3
89.94,3.89,316.21,33.52,36.37,43.02,83.85,93.26,3
87.55,3.4,295.9,32.79,35.27,59.93,92.09,95.15,3
94.11,2.77,302.45,31.95,31.88,47.86,92.15,90.75,3
92.05,3.78,266.12,34.73,32.62,42.43,89.25,94.71,3
90.56,3.1,273.93,30.11,33.3,43.9,64.37,92.38,3
89.73,2.84,276.44,33.67,38.46,48.01,76.16,90.43,3
94.02,2.99,278.46,35.55,31.53,56.87,97.46,91.05,3
95.12,3.64,315.04,33.35,31.84,41.28,73.7,84.54,3
87.48,3.45,209.58,31.0,30.61,39.7,92.94,90.88,3
86.85,2.43,280.92,37.09,29.55,35.35,91.36,85.37,3
95.82,3.31,277.62,36.19,34.92,45.72,78.47,85.12,3
86.5,4.08,238.85,30.88,34.61,35.16,67.04,90.58,3
94.19,3.27,300.15,30.12,37.85,41.75,79.88,86.66,3
98.47,3.42,258.26,31.14,37.12,38.64,103.7,89.98,3
98.48,4.02,269.29,35.64,41.19,52.52,77.23,90.42,3
94.95,3.9,335.46,34.83,33.78,41.44,77.85,90.55,3
94.84,4.01,310.3,36.37,33.22,47.78,76.02,87.29,3
101.01,2.11,297.23,33.02,30.1,33.77,95.93,92.7,3
82.66,4.37,291.42,31.23,36.09,45.92,82.81,89.73,3
90.14,3.82,275.06,36.76,34.36,36.58,79.37,91.32,3
95.39,4.73,339.98,32.34,35.95,42.02,97.72,86.41,3
90.65,3.11,304.07,34.56,30.58,60.48,90.22,89.47,3
96.96,2.62,257.51,29.35,35.05,51.53,76.73,93.29,3
91.84,3.5,238.0,32.29,34.62,44.1,73.99,92.91,3
92.53,3.36,297.01,37.03,34.42,67.39,95.42,87.61,3
90.9,3.83,278.32,31.85,31.95,38.59,85.15,88.36,3
89.91,4.04,237.13,36.44,37.57,53.16,71.06,87.03,3
89.81,3.46,292.86,27.01,40.15,34.27,68.95,88.03,3
93.08,3.38,271.93,32.32,30.67,43.29,74.96,85.8,3
88.9,3.76,295.92,33.49,36.16,35.57,73.84,89.59,3
95.81,3.37,293.25,39.23,25.37,46.8,66.59,91.9,3
94.61,3.33,261.75,30.49,36.01,45.39,75.1,87.64,3
96.4,4.02,298.99,36.01,28.39,42.85,76.73,89.73,3
87.48,4.13,265.06,37.17,32.43,52.64,80.84,89.34,3
85.2,4.04,267.01,31.84,30.06,41.03,100.24,93.17,3
91.98,3.42,264.03,32.88,33.35,47.29,82.6,88.17,3
103.6,2.43,313.93,34.42,36.52,50.74,83.49,88.27,3
97.06,3.43,271.58,29.56,28.43,34.62,89.58,87.46,3
89.78,3.12,321.17,32.63,32.92,39.76,82.86,86.59,3
93.7,3.44,333.5,37.83,32.46,45.38,88.6,91.59,3
94.91,3.16,257.84,35.57,38.74,49.41,87.53,89.59,3
86.53,3.49,192.37,33.53,35.3,54.95,86.1,90.16,3
97.48,2.98,311.34,34.34,30.47,43.49,109.9,93.82,3
91.33,2.86,269.74,35.74,32.59,42.78,93.2,94.0,3
91.64,4.11,254.01,36.32,38.67,38.89,75.26,85.06,3
92.1,3.02,262.34,32.33,36.14,47.31,88.33,91.94,3
96.58,3.5,267.56,38.6,31.25,42.92,77.87,90.68,3
88.98,3.98,318.92,37.95,33.2,43.08,89.02,88.62,3
85.17,3.96,284.8,36.03,33.29,44.34,72.62,90.98,3
93.29,3.9,318.51,31.47,32.39,48.86,75.03,84.82,3
83.83,3.65,294.83,30.94,28.87,41.05,88.1,94.39,3
90.8,3.86,270.72,33.02,31.97,39.59,93.98,91.54,3
96.75,4.19,268.29,34.18,38.17,48.02,89.52,87.4,3
94.32,3.71,296.85,28.69,32.86,23.82,92.69,88.24,3
96.17,2.58,304.61,35.48,33.69,40.77,88.36,84.89,3
94.48,3.24,309.9,37.86,34.42,36.94,86.55,89.06,3
101.64,3.85,272.15,35.73,40.65,53.42,80.47,88.55,3
89.65,3.19,285.26,31.97,34.03,41.91,92.32,86.02,3
93.59,4.31,297.52,31.62,37.28,41.07,94.22,92.33,3
90.25,3.47,268.48,34.9,32.21,44.66,84.43,93.83,3
95.83,3.54,245.95,33.54,33.22,40.83,83.95,89.92,3
91.75,4.06,255.81,35.33,34.04,42.18,99.32,89.08,3
98.88,3.41,272.77,35.81,31.68,45.68,84.82,91.3,3
89.88,3.59,299.87,37.28,33.39,42.05,85.68,89.94,3
97.63,3.95,317.77,30.6,36.66,42.0,89.36,86.75,3
94.37,2.76,239.32,34.66,31.6,37.93,84.12,88.04,3
91.87,3.36,262.08,32.91,34.0,36.92,77.62,89.11,3
94.17,3.91,269.26,33.7,36.13,45.42,88.4,90.74,3
93.05,3.53,303.84,36.59,31.53,47.15,84.65,90.03,3
93.42,4.23,264.16,36.92,37.29,35.0,101.58,90.63,3
91.17,2.71,267.11,38.2,34.22,50.32,92.1,85.43,3
89.19,2.65,237.64,35.28,33.5,50.35,79.64,92.0,3
90.66,3.88,294.5,33.67,27.98,51.82,91.56,90.01,3
85.27,3.93,275.16,33.24,32.88,47.1,87.77,97.66,3
95.37,3.4,260.38,28.8,35.11,49.46,96.78,88.84,3
87.06,3.7,272.21,38.02,39.24,60.3,80.28,90.97,3
91.13,3.87,313.81,33.03,35.7,42.89,86.7,98.49,3
94.59,3.09,249.85,35.52,37.38,37.68,84.11,90.58,3
95.36,3.15,254.75,36.04,30.37,34.26,85.53,89.8,3
84.9,3.59,317.57,30.26,33.62,57.29,77.03,87.04,3
91.63,3.95,282.27,31.23,37.66,57.38,90.18,94.58,3
93.84,2.92,300.09,38.64,31.34,38.53,88.76,86.52,3
92.21,3.4,292.05,34.87,36.9,39.91,96.57,91.28,3
97.38,3.38,278.94,32.26,36.2,42.73,84.91,88.58,3
88.71,3.71,269.55,33.62,34.82,53.57,81.29,89.43,3
83.8,3.5,304.95,37.26,33.01,35.99,92.1,85.73,3
95.24,3.23,314.87,36.8,31.04,31.23,77.85,94.03,3
89.85,4.12,312.53,29.6,39.33,60.17,94.76,89.17,3
84.97,3.23,244.44,38.9,35.9,47.19,94.75,86.35,3
91.37,3.35,319.15,36.9,35.02,48.18,96.32,93.76,3
96.92,2.7,269.26,33.54,32.76,43.56,88.39,88.49,3
86.95,3.14,257.35,30.42,34.11,48.26,80.62,91.0,3
101.34,3.76,274.92,37.16,34.49,34.4,85.98,92.52,3
88.65,3.66,304.93,35.43,35.2,39.11,88.42,91.42,3
92.35,3.8,296.21,29.63,36.2,45.74,79.96,83.41,3
87.12,3.78,272.34,33.3,31.65,29.1,97.0,92.09,3
92.17,4.54,305.13,43.38,29.6,42.88,90.22,89.7,3
91.47,3.13,284.2,34.05,34.25,42.45,76.97,89.01,3
86.04,2.69,262.81,31.77,28.76,42.88,101.95,89.67,3
103.3,2.97,258.76,30.97,33.03,41.14,85.88,85.17,3
90.02,3.15,292.31,39.32,32.47,38.03,75.15,90.58,3
90.02,3.01,277.52,36.54,35.48,32.25,77.53,85.91,3
95.88,3.55,238.73,38.22,39.95,46.01,98.39,89.14,3
99.26,4.13,305.41,34.74,28.17,42.9,101.42,90.47,3
96.51,4.27,265.59,37.76,40.82,35.37,94.09,93.22,3
87.2,3.75,327.76,31.46,33.3,45.44,96.87,87.54,3
92.86,4.57,237.91,34.49,35.04,42.94,95.95,94.35,3
84.47,3.32,274.58,34.86,29.76,41.77,90.01,92.84,3
95.61,2.68,259.0,38.15,36.99,29.9,87.96,88.71,3
85.46,4.03,250.74,34.96,34.12,49.78,89.86,86.67,3
88.79,2.58,265.4,32.12,33.82,36.37,91.62,85.67,3
91.99,3.12,333.12,34.19,28.19,45.44,78.33,90.82,3
93.78,3.76,284.3,28.97,34.22,39.34,91.59,87.79,3
90.96,3.45,256.25,27.04,36.54,42.28,98.13,93.6,3
98.08,3.4,225.14,36.49,33.29,53.07,83.14,87.96,3
94.89,2.91,228.36,32.88,37.52,48.72,82.18,87.3,3
94.58,3.49,263.91,33.22,37.4,52.91,89.29,90.7,3
87.08,4.0,260.99,36.49,32.08,47.31,79.15,87.94,3
98.8,3.51,273.28,38.19,38.79,47.77,73.15,90.03,3
88.79,3.08,211.83,35.6,34.14,32.53,95.33,92.96,3
98.95,2.88,277.25,39.78,34.15,42.78,80.94,90.35,3
100.09,3.1,310.83,35.51,34.3,43.43,85.17,90.36,3
94.05,3.7,328.69,34.91,34.21,53.57,79.51,90.62,3
96.13,3.67,223.17,34.72,26.11,41.46,96.49,84.92,3
79.67,3.1,255.96,30.14,33.44,46.85,92.68,91.18,3
91.22,2.39,254.37,36.87,29.91,46.58,82.83,90.48,3
96.41,3.71,284.37,26.66,38.88,53.1,74.38,92.68,3
95.7,3.05,243.41,32.24,38.76,44.06,81.88,91.82,3
87.12,3.84,330.47,34.07,36.56,50.79,90.13,89.39,3
90.83,3.12,281.31,31.63,33.28,33.07,86.7,93.1,3
81.85,3.01,276.31,32.64,30.98,33.7,85.98,89.12,3
93.65,3.58,327.78,39.52,32.03,29.02,86.91,90.74,3
84.47,4.68,279.52,37.31,39.83,50.5,91.83,89.07,3
96.52,3.87,292.01,31.94,31.92,49.72,84.62,91.39,3
96.73,3.57,257.48,32.59,26.93,51.28,89.05,88.87,3
90.1,3.68,238.88,30.17,37.09,40.26,76.12,94.94,3
94.09,2.62,261.69,36.11,38.5,41.06,107.98,96.05,3
91.13,2.94,345.61,33.25,38.98,44.15,82.45,92.62,3
92.97,2.24,298.99,28.1,37.12,55.11,86.83,94.62,3
87.41,4.36,288.24,34.3,37.6,56.86,90.1,85.38,3
94.49,4.26,250.71,35.32,34.16,50.56,81.3,85.74,3
85.44,3.7,307.34,36.89,27.77,47.32,85.07,89.04,3
84.68,3.57,239.27,33.78,34.08,54.35,84.96,90.12,3
91.51,2.72,232.99,32.88,35.86,43.21,76.77,89.41,3
91.16,3.39,263.23,39.96,33.59,42.26,88.95,85.07,3
93.09,4.4,338.63,34.02,33.46,44.1,70.16,93.45,3
89.4,3.57,336.94,36.16,31.11,38.15,100.77,96.46,3
99.54,3.22,266.46,32.38,30.99,43.77,92.14,93.84,3
92.64,2.62,259.77,36.07,39.51,37.18,90.75,93.26,3
92.93,4.19,230.79,29.63,39.62,52.18,69.37,90.68,3
92.79,3.46,282.34,32.61,33.99,48.81,77.87,87.47,3
96.01,2.62,284.86,30.38,34.84,55.01,97.5,90.22,3
94.3,3.04,303.69,32.19,31.06,33.6,122.36,96.32,3
93.77,2.86,307.32,37.75,35.93,58.31,95.75,88.94,3
94.94,3.43,274.08,32.16,39.28,33.99,94.33,88.64,3
84.7,3.6,296.68,36.15,29.41,36.61,89.72,93.32,3
84.85,3.25,258.98,38.55,35.39,40.65,77.37,93.52,3
91.7,3.89,296.11,33.92,35.62,54.15,93.96,87.46,3
91.21,3.54,264.78,36.98,35.58,46.58,75.09,89.22,3
94.32,4.03,293.78,35.59,38.93,43.29,74.1,88.49,3
92.08,3.32,291.36,34.35,40.11,39.45,73.54,90.21,3
94.33,5.02,282.06,36.25,33.3,35.37,93.78,93.31,3
87.02,3.22,303.84,39.52,36.02,52.93,84.48,87.59,3
91.96,3.05,232.89,32.09,34.25,50.59,85.91,93.27,3
86.64,2.99,248.05,31.12,32.1,54.47,84.86,90.3,3
93.55,3.39,271.9,30.95,34.81,47.78,74.87,96.98,3
84.49,2.64,236.7,36.98,36.01,26.51,78.96,90.96,3
93.39,3.65,267.79,37.39,34.65,36.29,79.42,89.71,3
86.12,2.55,268.76,32.39,31.36,48.25,72.35,91.72,3
90.47,3.58,319.29,27.59,32.61,42.41,80.46,88.99,3
95.58,2.82,284.28,31.98,32.63,41.09,75.27,84.61,3
92.91,3.31,310.88,35.64,31.47,37.28,90.2,89.28,3
85.42,3.8,289.05,33.8,34.94,51.63,90.95,89.23,3
89.31,4.65,263.93,34.54,35.25,48.19,73.36,85.22,3
85.99,2.96,284.01,32.43,36.94,48.51,82.33,89.78,3
85.22,3.42,301.88,37.04,31.43,40.56,101.7,83.8,3
92.47,3.14,315.8,35.03,32.27,46.23,76.17,88.96,3
94.24,3.07,276.03,35.76,38.66,35.64,88.84,90.73,3
93.76,3.14,230.57,34.48,33.51,44.09,85.95,90.29,3
94.41,3.91,228.47,35.57,34.09,27.3,94.84,88.77,3
91.95,3.26,270.21,35.38,33.47,34.02,87.66,89.74,3
90.91,4.62,209.86,31.22,37.4,42.74,81.12,87.65,3
87.71,3.71,333.85,35.12,37.52,61.63,85.6,90.03,3
90.24,2.99,297.91,36.37,37.34,32.39,85.73,90.17,3
86.71,3.32,260.93,37.47,34.08,36.29,84.17,87.3,3
88.62,3.1,246.71,35.25,31.38,46.52,73.13,90.8,3
92.36,3.9,310.84,31.1,39.78,57.39,96.19,90.78,3
91.53,2.68,246.59,31.57,36.57,46.42,94.6,89.5,3
104.26,2.83,249.45,32.69,32.63,49.91,75.6,97.26,3
86.62,3.2,257.02,34.57,38.27,42.64,82.29,89.58,3
91.5,3.84,283.42,33.63,32.39,41.43,82.97,89.16,3
86.31,4.12,298.62,30.63,38.23,45.58,74.59,88.73,3
90.45,4.19,315.78,30.61,38.43,40.39,68.2,87.09,3
90.61,3.76,311.35,27.7,31.24,50.07,78.96,92.06,3
95.38,3.46,280.02,24.64,35.75,33.76,81.79,87.94,3
90.2,3.9,310.62,33.6,36.35,51.23,72.03,88.3,3
91.23,2.93,259.87,40.96,41.84,45.28,86.59,88.39,3
90.28,2.58,225.37,39.39,31.77,43.5,95.47,87.05,3
86.4,3.72,259.87,31.07,38.3,33.5,92.58,84.75,3
89.39,3.0,255.81,34.45,34.05,38.14,83.86,88.61,3
90.47,3.47,261.04,29.61,30.28,53.39,68.44,92.62,3
92.3,3.56,251.22,30.06,33.64,43.54,91.44,90.59,3
94.24,3.62,266.17,30.41,34.01,46.95,86.32,94.68,3
91.06,3.97,298.6,33.32,30.82,38.84,88.82,92.25,3
90.99,3.92,331.46,33.45,34.94,44.8,102.42,91.57,3
85.12,3.6,228.24,34.76,36.87,35.39,77.58,95.65,3
94.16,3.28,241.37,35.99,34.71,45.7,59.13,89.71,3
89.22,3.55,256.26,32.99,32.37,47.59,75.52,90.19,3
94.99,3.2,302.97,34.11,33.55,47.24,89.37,89.97,3
97.27,3.4,273.85,30.72,33.99,38.67,85.24,94.63,3
91.25,4.81,258.28,29.97,34.65,42.61,74.06,90.01,3
87.91,3.59,301.5,29.5,37.33,48.76,72.22,88.06,3
91.93,3.73,308.69,35.95,34.82,43.52,81.81,91.76,3
93.39,3.15,279.44,32.99,29.79,42.99,73.79,87.55,3
90.74,4.01,255.51,28.39,32.31,58.32,89.69,91.6,3
89.74,3.88,288.11,33.81,34.5,38.34,81.3,91.24,3
94.25,3.88,273.0,30.25,37.37,52.56,79.36,89.43,3
93.99,3.61,272.77,38.98,37.89,36.92,78.18,91.7,3
90.61,4.02,264.63,32.26,39.32,49.58,87.37,85.54,3
85.38,4.14,307.75,36.04,34.39,49.96,85.38,90.49,3
93.83,3.64,287.5,37.27,36.29,41.43,86.82,88.61,3
88.93,3.44,311.07,31.14,29.64,36.48,86.62,98.59,3
92.86,3.95,320.09,34.23,35.29,31.21,84.35,90.47,3
92.6,3.05,293.77,35.66,30.77,40.69,75.7,88.21,3
84.44,3.14,264.81,34.35,33.81,48.68,78.43,85.87,3
92.32,3.47,311.21,35.08,43.09,37.46,81.45,93.92,3
94.06,2.63,293.97,30.01,34.91,45.68,103.59,88.95,3
94.55,3.91,358.1,35.66,31.41,34.66,72.86,87.63,3
92.47,3.02,289.3,32.54,35.22,43.36,81.23,91.01,3
84.09,3.26,300.93,35.05,32.45,36.97,85.88,91.95,3
97.11,3.39,288.71,36.76,31.12,44.45,82.27,91.9,3
93.64,3.52,277.03,36.01,40.31,41.49,94.67,90.06,3
87.19,3.33,272.24,35.05,37.2,36.67,82.22,90.48,3
88.85,3.47,288.83,35.93,35.04,40.39,82.89,90.7,3
92.92,3.47,295.64,36.07,32.82,38.46,92.33,91.01,3
94.72,3.28,314.63,38.49,33.07,35.8,101.3,91.27,3
90.05,3.11,289.27,33.9,38.63,52.58,97.67,93.28,3
95.3,4.04,266.11,34.49,34.92,42.48,83.77,90.17,3
84.83,2.45,270.19,36.8,24.75,29.58,84.55,87.55,3
87.83,3.4,240.31,32.53,41.26,40.64,85.42,89.57,3
83.74,3.27,329.84,29.99,34.55,51.4,86.32,92.26,3
88.41,3.71,263.76,35.48,35.03,39.67,77.37,84.64,3
98.03,2.77,309.02,33.38,37.26,55.48,93.43,84.66,3
100.23,3.25,288.3,30.38,35.4,39.0,86.86,92.75,3
92.94,3.45,289.11,35.5,36.24,48.52,84.6,94.56,3
89.45,4.04,276.48,38.29,32.73,52.26,73.56,86.2,3
91.11,3.67,256.37,29.11,30.31,48.15,85.56,90.3,3
93.89,2.91,250.94,37.07,34.84,35.38,67.96,88.8,3
85.75,3.26,331.85,26.39,38.29,38.4,79.77,89.22,3
89.71,3.94,283.42,32.8,32.06,53.19,79.93,90.92,3
97.74,2.9,313.76,39.52,31.82,39.37,87.58,86.12,3
87.82,3.46,321.55,33.02,37.66,51.83,101.92,86.68,3
89.0,3.5,267.67,34.27,32.63,41.99,90.15,89.1,3
92.05,3.31,292.71,36.29,32.77,45.99,98.04,89.56,3
93.13,4.85,281.35,28.85,32.88,35.3,90.81,86.62,3
89.5,3.29,245.28,34.22,33.81,40.74,95.13,92.37,3
92.31,3.72,274.44,34.19,29.28,38.87,101.71,88.75,3
94.43,3.12,297.63,39.59,32.38,46.58,78.41,88.73,3
99.85,3.76,265.03,30.29,34.69,45.65,77.83,90.85,3
91.5,3.94,270.25,32.86,34.67,48.24,91.02,89.61,3
91.83,3.21,274.8,31.21,37.47,41.57,84.97,92.51,3
98.11,3.47,343.35,30.9,39.52,38.49,86.98,87.2,3
89.8,3.05,224.98,37.38,38.54,46.28,82.76,85.81,3
